date,rankingDateId,rank,points,days_diff
2006-07-24,1720,28,1071,
2006-07-31,1721,24,1176,7
2006-08-07,1722,23,1176,7
2006-08-14,1723,24,1168,7
2006-08-21,1724,23,1183,7
2006-08-28,1725,23,1183,7
2006-09-04,1726,23,1183,7
2006-09-11,1727,21,1183,7
2006-09-18,1728,21,1183,7
2006-09-25,1729,21,1183,7
2006-10-02,1730,22,1183,7
2006-10-09,1731,16,1350,7
2006-10-16,1732,17,1360,7
2006-10-23,1733,16,1465,7
2006-10-30,1734,16,1465,7
2006-11-06,1735,16,1380,7
2006-11-13,1736,16,1380,7
2006-11-20,1737,16,1380,7
2006-11-27,1738,16,1380,7
2006-12-04,1739,16,1380,7
2006-12-11,1740,16,1380,7
2006-12-18,1741,16,1380,7
2006-12-25,1742,16,1380,7
2007-01-01,1743,16,1380,7
2007-01-08,1744,14,1530,7
2007-01-15,1745,15,1530,7
2007-01-22,1746,15,1530,7
2007-01-29,1747,13,1675,7
2007-02-05,1748,14,1625,7
2007-02-12,1749,14,1625,7
2007-02-19,1750,14,1625,7
2007-02-26,1751,14,1665,7
2007-03-05,1752,13,1715,7
2007-03-12,1753,13,1715,7
2007-03-19,1754,10,2060,7
2007-03-26,1755,10,2060,7
2007-04-02,1756,7,2540,7
2007-04-09,1757,7,2540,7
2007-04-16,1758,7,2540,7
2007-04-23,1759,6,2595,7
2007-04-30,1760,5,2595,7
2007-05-07,1761,5,2720,7
2007-05-14,1762,6,2735,7
2007-05-21,1763,6,2810,7
2007-05-28,1764,6,2810,7
2007-06-04,1765,6,2810,7
2007-06-11,1766,4,3010,7
2007-06-18,1767,5,3010,7
2007-06-25,1768,5,3010,7
2007-07-02,1769,5,3010,7
2007-07-09,1770,3,3310,7
2007-07-16,1771,3,3310,7
2007-07-23,1772,3,3245,7
2007-07-30,1773,3,3200,7
2007-08-06,1774,4,3200,7
2007-08-13,1775,3,3700,7
2007-08-20,1776,3,3670,7
2007-08-27,1777,3,3670,7
2007-09-03,1778,3,3670,7
2007-09-10,1779,3,4295,7
2007-09-17,1780,3,4295,7
2007-09-24,1781,3,4295,7
2007-10-01,1782,3,4295,7
2007-10-08,1783,3,4145,7
2007-10-15,1784,3,4370,7
2007-10-22,1785,3,4470,7
2007-10-29,1786,3,4470,7
2007-11-05,1787,3,4470,7
2007-11-12,1788,3,4470,7
2007-11-19,1789,3,4470,7
2007-11-26,1790,3,4470,7
2007-12-03,1791,3,4470,7
2007-12-10,1792,3,4470,7
2007-12-17,1793,3,4470,7
2007-12-24,1794,3,4470,7
2007-12-31,1795,3,4470,7
2008-01-07,1796,3,4315,7
2008-01-14,1797,3,4315,7
2008-01-21,1798,3,4315,7
2008-01-28,1799,3,5165,7
2008-02-04,1800,3,5165,7
2008-02-11,1801,3,5165,7
2008-02-18,1802,3,5165,7
2008-02-25,1803,3,5070,7
2008-03-03,1804,3,5010,7
2008-03-10,1805,3,5130,7
2008-03-17,1806,3,5130,7
2008-03-24,1807,3,5280,7
2008-03-31,1808,3,5280,7
2008-04-07,1809,3,4785,7
2008-04-14,1810,3,4785,7
2008-04-21,1811,3,4725,7
2008-04-28,1812,3,4935,7
2008-05-05,1813,3,4750,7
2008-05-12,1814,3,5125,7
2008-05-19,1815,3,5225,7
2008-05-26,1816,3,5225,7
2008-06-02,1817,3,5225,7
2008-06-09,1818,3,5225,7
2008-06-16,1819,3,5360,7
2008-06-23,1820,3,5360,7
2008-06-30,1821,3,5360,7
2008-07-07,1822,3,4945,7
2008-07-14,1823,3,4945,7
2008-07-21,1824,3,4945,7
2008-07-28,1825,3,5055,7
2008-08-04,1826,3,5390,7
2008-08-11,1827,3,4905,7
2008-08-18,1828,3,5105,7
2008-08-25,1829,3,5105,7
2008-09-01,1830,3,5105,7
2008-09-08,1831,3,4855,7
2008-09-15,1832,3,4855,7
2008-09-22,1833,3,4855,7
2008-09-29,1834,3,4960,7
2008-10-06,1835,3,4960,7
2008-10-13,1836,3,4725,7
2008-10-20,1837,3,4575,7
2008-10-27,1838,3,4575,7
2008-11-03,1839,3,4645,7
2008-11-10,1840,3,4645,7
2008-11-17,1841,3,5295,7
2008-11-24,1842,3,5295,7
2008-12-01,1843,3,5295,7
2008-12-08,1844,3,5295,7
2008-12-15,1845,3,5295,7
2008-12-22,1846,3,5295,7
2008-12-29,1847,3,5295,7
2009-01-05,1848,3,10590,7
2009-01-12,1849,3,10590,7
2009-01-19,1850,3,10650,7
2009-01-26,1851,3,10650,7
2009-02-02,1852,3,9010,7
2009-02-09,1853,3,9010,7
2009-02-16,1854,3,9010,7
2009-02-23,1855,3,9010,7
2009-03-02,1856,3,9420,7
2009-03-09,1857,3,9240,7
2009-03-16,1858,3,9240,7
2009-03-23,1859,3,8420,7
2009-03-30,1860,3,8420,7
2009-04-06,1861,3,9010,7
2009-04-13,1862,3,9010,7
2009-04-20,1863,3,9520,7
2009-04-27,1864,3,9160,7
2009-05-04,1865,3,9670,7
2009-05-11,1866,4,8920,7
2009-05-18,1867,4,8830,7
2009-05-25,1868,4,8830,7
2009-06-01,1869,4,8830,7
2009-06-08,1870,4,8020,7
2009-06-15,1871,4,7860,7
2009-06-22,1872,4,7860,7
2009-06-29,1873,4,7860,7
2009-07-06,1874,4,8150,7
2009-07-13,1875,4,8150,7
2009-07-20,1876,4,8150,7
2009-07-27,1877,4,7990,7
2009-08-03,1878,4,7380,7
2009-08-10,1879,4,7380,7
2009-08-17,1880,4,7150,7
2009-08-24,1881,4,7660,7
2009-08-31,1882,4,7660,7
2009-09-07,1883,4,7660,7
2009-09-14,1884,4,7480,7
2009-09-21,1885,4,7480,7
2009-09-28,1886,4,7330,7
2009-10-05,1887,4,7330,7
2009-10-12,1888,4,7740,7
2009-10-19,1889,3,7950,7
2009-10-26,1890,3,7950,7
2009-11-02,1891,3,7890,7
2009-11-09,1892,3,8300,7
2009-11-16,1893,3,7910,7
2009-11-23,1894,3,7910,7
2009-11-30,1895,3,8310,7
2009-12-07,1896,3,8310,7
2009-12-14,1897,3,8310,7
2009-12-21,1898,3,8310,7
2009-12-28,1899,3,8310,7
2010-01-04,1900,3,8310,7
2010-01-11,1901,3,8310,7
2010-01-18,1902,3,8310,7
2010-01-25,1903,3,8310,7
2010-02-01,1904,2,8310,7
2010-02-08,1905,2,8310,7
2010-02-15,1906,2,8310,7
2010-02-22,1907,2,8310,7
2010-03-01,1908,2,8310,7
2010-03-08,1909,2,8310,7
2010-03-15,1910,2,8310,7
2010-03-22,1911,2,8220,7
2010-03-29,1912,2,8220,7
2010-04-05,1913,2,7630,7
2010-04-12,1914,2,7630,7
2010-04-19,1915,2,7390,7
2010-04-26,1916,2,7390,7
2010-05-03,1917,2,6970,7
2010-05-10,1918,2,6765,7
2010-05-17,1919,3,6405,7
2010-05-24,1920,3,6405,7
2010-05-31,1921,3,6405,7
2010-06-07,1922,3,6675,7
2010-06-14,1923,3,6545,7
2010-06-21,1924,3,6545,7
2010-06-28,1925,3,6545,7
2010-07-05,1926,2,6905,7
2010-07-12,1927,2,6905,7
2010-07-19,1928,2,6905,7
2010-07-26,1929,2,6905,7
2010-08-02,1930,2,6905,7
2010-08-09,1931,2,6905,7
2010-08-16,1932,3,7085,7
2010-08-23,1933,3,6665,7
2010-08-30,1934,3,6665,7
2010-09-06,1935,3,6665,7
2010-09-13,1936,2,7145,7
2010-09-20,1937,2,7145,7
2010-09-27,1938,2,7145,7
2010-10-04,1939,2,7145,7
2010-10-11,1940,2,7145,7
2010-10-18,1941,3,7145,7
2010-10-25,1942,3,7145,7
2010-11-01,1943,3,7145,7
2010-11-08,1944,3,6945,7
2010-11-15,1945,3,5635,7
2010-11-22,1946,3,5635,7
2010-11-29,1947,3,6035,7
2010-12-06,1948,3,6240,7
2010-12-13,1949,3,6240,7
2010-12-20,1950,3,6240,7
2010-12-27,1951,3,6240,7
2011-01-03,1952,3,6240,7
2011-01-10,1953,3,6240,7
2011-01-17,1954,3,6240,7
2011-01-24,1955,3,6240,7
2011-01-31,1956,3,7880,7
2011-02-07,1957,3,7880,7
2011-02-14,1958,3,7880,7
2011-02-21,1959,3,7880,7
2011-02-28,1960,3,7880,7
2011-03-07,1961,3,7800,7
2011-03-14,1962,3,7800,7
2011-03-21,1963,2,8710,7
2011-03-28,1964,2,8710,7
2011-04-04,1965,2,9700,7
2011-04-11,1966,2,9700,7
2011-04-18,1967,2,9640,7
2011-04-25,1968,2,9640,7
2011-05-02,1969,2,9710,7
2011-05-09,1970,2,10665,7
2011-05-16,1971,2,11665,7
2011-05-23,1972,2,11665,7
2011-05-30,1973,2,11665,7
2011-06-06,1974,2,12025,7
2011-06-13,1975,2,12005,7
2011-06-20,1976,2,12005,7
2011-06-27,1977,2,12005,7
2011-07-04,1978,1,13285,7
2011-07-11,1979,1,13155,7
2011-07-18,1980,1,13155,7
2011-07-25,1981,1,13155,7
2011-08-01,1982,1,13155,7
2011-08-08,1983,1,12860,7
2011-08-15,1984,1,13500,7
2011-08-22,1985,1,13920,7
2011-08-29,1986,1,13920,7
2011-09-05,1987,1,13920,7
2011-09-12,1988,1,14720,7
2011-09-19,1989,1,14720,7
2011-09-26,1990,1,14720,7
2011-10-03,1991,1,14720,7
2011-10-10,1992,1,14220,7
2011-10-17,1993,1,13860,7
2011-10-24,1994,1,13860,7
2011-10-31,1995,1,13860,7
2011-11-07,1996,1,13785,7
2011-11-14,1997,1,13475,7
2011-11-21,1998,1,13475,7
2011-11-28,1999,1,13675,7
2011-12-05,2000,1,13630,7
2011-12-12,2001,1,13630,7
2011-12-19,2002,1,13630,7
2011-12-26,2003,1,13630,7
2012-01-02,2004,1,13630,7
2012-01-09,2005,1,13630,7
2012-01-16,2006,1,13630,7
2012-01-23,2007,1,13630,7
2012-01-30,2008,1,13630,7
2012-02-06,2009,1,13630,7
2012-02-13,2010,1,13630,7
2012-02-20,2011,1,13630,7
2012-02-27,2012,1,13130,7
2012-03-05,2013,1,13310,7
2012-03-12,2014,1,13310,7
2012-03-19,2015,1,12670,7
2012-03-26,2016,1,12670,7
2012-04-02,2017,1,12670,7
2012-04-09,2018,1,12670,7
2012-04-16,2019,1,12670,7
2012-04-23,2020,1,13270,7
2012-04-30,2021,1,13020,7
2012-05-07,2022,1,12020,7
2012-05-14,2023,1,11200,7
2012-05-21,2024,1,11800,7
2012-05-28,2025,1,11800,7
2012-06-04,2026,1,11800,7
2012-06-11,2027,1,12280,7
2012-06-18,2028,1,12280,7
2012-06-25,2029,1,12280,7
2012-07-02,2030,1,12280,7
2012-07-09,2031,2,11000,7
2012-07-16,2032,2,11000,7
2012-07-23,2033,2,11000,7
2012-07-30,2034,2,11000,7
2012-08-06,2035,2,11270,7
2012-08-13,2036,2,11270,7
2012-08-20,2037,2,11270,7
2012-08-27,2038,2,11270,7
2012-09-03,2039,2,11270,7
2012-09-10,2040,2,10470,7
2012-09-17,2041,2,10470,7
2012-09-24,2042,2,10470,7
2012-10-01,2043,2,10470,7
2012-10-08,2044,2,10970,7
2012-10-15,2045,2,11970,7
2012-10-22,2046,2,11970,7
2012-10-29,2047,2,11970,7
2012-11-05,2048,1,11420,7
2012-11-12,2049,1,12920,7
2012-11-19,2050,1,12920,7
2012-11-26,2051,1,12920,7
2012-12-03,2052,1,12920,7
2012-12-10,2053,1,12920,7
2012-12-17,2054,1,12920,7
2012-12-24,2055,1,12920,7
2012-12-31,2056,1,12920,7
2013-01-07,2057,1,12920,7
2013-01-14,2058,1,12920,7
2013-01-21,2059,1,12920,7
2013-01-28,2060,1,12920,7
2013-02-04,2061,1,12960,7
2013-02-11,2062,1,12960,7
2013-02-18,2063,1,12960,7
2013-02-25,2064,1,12960,7
2013-03-04,2065,1,13280,7
2013-03-11,2066,1,13280,7
2013-03-18,2067,1,13280,7
2013-03-25,2068,1,13280,7
2013-04-01,2069,1,12370,7
2013-04-08,2070,1,12500,7
2013-04-15,2071,1,12500,7
2013-04-22,2072,1,12900,7
2013-04-29,2073,1,12900,7
2013-05-06,2074,1,12900,7
2013-05-13,2075,1,12730,7
2013-05-20,2076,1,12310,7
2013-05-27,2077,1,12310,7
2013-06-03,2078,1,12310,7
2013-06-10,2079,1,11830,7
2013-06-17,2080,1,11830,7
2013-06-24,2081,1,11830,7
2013-07-01,2082,1,11830,7
2013-07-08,2083,1,12310,7
2013-07-15,2084,1,12310,7
2013-07-22,2085,1,12310,7
2013-07-29,2086,1,12310,7
2013-08-05,2087,1,12040,7
2013-08-12,2088,1,11400,7
2013-08-19,2089,1,10980,7
2013-08-26,2090,1,10980,7
2013-09-02,2091,1,10980,7
2013-09-09,2092,1,10980,7
2013-09-16,2093,1,11120,7
2013-09-23,2094,1,11120,7
2013-09-30,2095,1,11120,7
2013-10-07,2096,2,11120,7
2013-10-14,2097,2,11120,7
2013-10-21,2098,2,11120,7
2013-10-28,2099,2,11120,7
2013-11-04,2100,2,10610,7
2013-11-11,2101,2,12110,7
2013-11-18,2102,2,12260,7
2013-11-25,2103,2,12260,7
2013-12-02,2104,2,12260,7
2013-12-09,2105,2,12260,7
2013-12-16,2106,2,12260,7
2013-12-23,2107,2,12260,7
2013-12-30,2108,2,12260,7
2014-01-06,2109,2,12260,7
2014-01-13,2110,2,12260,7
2014-01-20,2111,2,12260,7
2014-01-27,2112,2,10620,7
2014-02-03,2113,2,10580,7
2014-02-10,2114,2,10580,7
2014-02-17,2115,2,10580,7
2014-02-24,2116,2,10580,7
2014-03-03,2117,2,10260,7
2014-03-10,2118,2,10260,7
2014-03-17,2119,2,10900,7
2014-03-24,2120,2,10900,7
2014-03-31,2121,2,11810,7
2014-04-07,2122,2,11680,7
2014-04-14,2123,2,11680,7
2014-04-21,2124,2,11040,7
2014-04-28,2125,2,11040,7
2014-05-05,2126,2,11040,7
2014-05-12,2127,2,11030,7
2014-05-19,2128,2,11850,7
2014-05-26,2129,2,11850,7
2014-06-02,2130,2,11850,7
2014-06-09,2131,2,12330,7
2014-06-16,2132,2,12330,7
2014-06-23,2133,2,12330,7
2014-06-30,2134,2,12330,7
2014-07-07,2135,1,13130,7
2014-07-14,2136,1,13130,7
2014-07-21,2137,1,13130,7
2014-07-28,2138,1,13130,7
2014-08-04,2139,1,13130,7
2014-08-11,2140,1,12860,7
2014-08-18,2141,1,12770,7
2014-08-25,2142,1,12770,7
2014-09-01,2143,1,12770,7
2014-09-08,2144,1,12290,7
2014-09-15,2145,1,12150,7
2014-09-22,2146,1,12150,7
2014-09-29,2147,1,12150,7
2014-10-06,2148,1,12150,7
2014-10-13,2149,1,11510,7
2014-10-20,2150,1,11510,7
2014-10-27,2151,1,11510,7
2014-11-03,2152,1,10010,7
2014-11-10,2153,1,10010,7
2014-11-17,2154,1,11510,7
2014-11-24,2155,1,11360,7
2014-12-01,2156,1,11360,7
2014-12-08,2157,1,11360,7
2014-12-15,2158,1,11360,7
2014-12-22,2159,1,11360,7
2014-12-29,2160,1,11360,7
2015-01-05,2161,1,11360,7
2015-01-12,2162,1,11405,7
2015-01-19,2163,1,11405,7
2015-01-26,2164,1,11405,7
2015-02-02,2165,1,13045,7
2015-02-09,2166,1,13045,7
2015-02-16,2167,1,13045,7
2015-02-23,2168,1,13045,7
2015-03-02,2169,1,13165,7
2015-03-09,2170,1,13205,7
2015-03-16,2171,1,13205,7
2015-03-23,2172,1,13205,7
2015-03-30,2173,1,13205,7
2015-04-06,2174,1,13205,7
2015-04-13,2175,1,13205,7
2015-04-20,2176,1,13845,7
2015-04-27,2177,1,13845,7
2015-05-04,2178,1,13845,7
2015-05-11,2179,1,13845,7
2015-05-18,2180,1,13845,7
2015-05-25,2181,1,13845,7
2015-06-01,2182,1,13845,7
2015-06-08,2183,1,13845,7
2015-06-15,2184,1,13845,7
2015-06-22,2185,1,13845,7
2015-06-29,2186,1,13845,7
2015-07-06,2187,1,13845,7
2015-07-13,2188,1,13845,7
2015-07-20,2189,1,13845,7
2015-07-27,2190,1,13845,7
2015-08-03,2191,1,13845,7
2015-08-10,2192,1,13755,7
2015-08-17,2193,1,14265,7
2015-08-24,2194,1,14865,7
2015-08-31,2195,1,14865,7
2015-09-07,2196,1,14865,7
2015-09-14,2197,1,16145,7
2015-09-21,2198,1,16145,7
2015-09-28,2199,1,16145,7
2015-10-05,2200,1,15645,7
2015-10-12,2201,1,15785,7
2015-10-19,2202,1,16785,7
2015-10-26,2203,1,16785,7
2015-11-02,2204,1,15785,7
2015-11-09,2205,1,15285,7
2015-11-16,2206,1,15285,7
2015-11-23,2207,1,16585,7
2015-11-30,2208,1,16585,7
2015-12-07,2209,1,16585,7
2015-12-14,2210,1,16585,7
2015-12-21,2211,1,16585,7
2015-12-28,2212,1,16585,7
2016-01-04,2213,1,16585,7
2016-01-11,2214,1,16790,7
2016-01-18,2215,1,16790,7
2016-01-25,2216,1,16790,7
2016-02-01,2217,1,16790,7
2016-02-08,2218,1,16790,7
2016-02-15,2219,1,16790,7
2016-02-22,2220,1,16790,7
2016-02-29,2221,1,16580,7
2016-03-07,2222,1,16540,7
2016-03-14,2223,1,16540,7
2016-03-21,2224,1,16540,7
2016-03-28,2225,1,16540,7
2016-04-04,2226,1,16540,7
2016-04-11,2227,1,16540,7
2016-04-18,2228,1,15550,7
2016-04-25,2229,1,15550,7
2016-05-02,2230,1,15550,7
2016-05-09,2231,1,16550,7
2016-05-16,2232,1,16150,7
2016-05-23,2233,1,16150,7
2016-05-30,2234,1,16150,7
2016-06-06,2235,1,16950,7
2016-06-13,2236,1,16950,7
2016-06-20,2237,1,16950,7
2016-06-27,2238,1,16950,7
2016-07-04,2239,1,16950,7
2016-07-11,2240,1,15040,7
2016-07-18,2241,1,15040,7
2016-07-25,2242,1,15040,7
2016-08-01,2243,1,16040,7
2016-08-08,2244,1,16040,7
2016-08-15,2245,1,15440,7
2016-08-22,2246,1,14840,7
2016-08-29,2247,1,14840,7
2016-09-05,2248,1,14840,7
2016-09-12,2249,1,14040,7
2016-09-19,2250,1,14040,7
2016-09-26,2251,1,14040,7
2016-10-03,2252,1,14040,7
2016-10-10,2253,1,13540,7
2016-10-17,2254,1,12900,7
2016-10-24,2255,1,12900,7
2016-10-31,2256,1,12900,7
2016-11-07,2257,2,10780,7
2016-11-14,2258,2,10780,7
2016-11-21,2259,2,11780,7
2016-11-28,2260,2,11780,7
2016-12-05,2261,2,11780,7
2016-12-12,2262,2,11780,7
2016-12-19,2263,2,11780,7
2016-12-26,2264,2,11780,7
2017-01-02,2265,2,11780,7
2017-01-09,2266,2,11780,7
2017-01-16,2267,2,11780,7
2017-01-23,2268,2,11780,7
2017-01-30,2269,2,9825,7
2017-02-06,2270,2,9825,7
2017-02-13,2271,2,9825,7
2017-02-20,2272,2,9825,7
2017-02-27,2273,2,9735,7
2017-03-06,2274,2,9825,7
2017-03-13,2275,2,9825,7
2017-03-20,2276,2,8915,7
2017-03-27,2277,2,8915,7
2017-04-03,2278,2,7915,7
2017-04-10,2279,2,7915,7
2017-04-17,2280,2,7905,7
2017-04-24,2281,2,8085,7
2017-05-01,2282,2,8085,7
2017-05-08,2283,2,7085,7
2017-05-15,2284,2,6845,7
2017-05-22,2285,2,7445,7
2017-05-29,2286,2,7445,7
2017-06-05,2287,2,7445,7
2017-06-12,2288,4,5805,7
2017-06-19,2289,4,5805,7
2017-06-26,2290,4,5805,7
2017-07-03,2291,4,6055,7
2017-07-10,2292,4,6055,7
2017-07-17,2293,4,6325,7
2017-07-24,2294,4,6325,7
2017-07-31,2295,5,5325,7
2017-08-07,2296,5,5325,7
2017-08-14,2297,5,5325,7
2017-08-21,2298,5,5325,7
2017-08-28,2299,5,5325,7
2017-09-04,2300,5,5325,7
2017-09-11,2301,6,4125,7
2017-09-18,2302,6,4125,7
2017-09-25,2303,6,4125,7
2017-10-02,2304,6,4125,7
2017-10-09,2305,6,4125,7
2017-10-16,2306,7,3765,7
2017-10-23,2307,7,3765,7
2017-10-30,2308,7,3765,7
2017-11-06,2309,12,2585,7
2017-11-13,2310,12,2585,7
2017-11-20,2311,12,2585,7
2017-11-27,2312,12,2585,7
2017-12-04,2313,12,2585,7
2017-12-11,2314,12,2585,7
2017-12-18,2315,12,2585,7
2017-12-25,2316,12,2585,7
2018-01-01,2317,12,2585,7
2018-01-08,2318,14,2335,7
2018-01-15,2319,14,2335,7
2018-01-22,2320,14,2335,7
2018-01-29,2321,13,2470,7
2018-02-05,2322,13,2470,7
2018-02-12,2323,14,2470,7
2018-02-19,2324,14,2470,7
2018-02-26,2325,13,2470,7
2018-03-05,2326,13,2380,7
2018-03-12,2327,13,2380,7
2018-03-19,2328,12,2300,7
2018-03-26,2329,12,2300,7
2018-04-02,2330,13,2310,7
2018-04-09,2331,13,2310,7
2018-04-16,2332,13,2310,7
2018-04-23,2333,12,2220,7
2018-04-30,2334,12,2220,7
2018-05-07,2335,12,2220,7
2018-05-14,2336,18,1905,7
2018-05-21,2337,22,1665,7
2018-05-28,2338,22,1665,7
2018-06-04,2339,22,1665,7
2018-06-11,2340,21,1665,7
2018-06-18,2341,22,1665,7
2018-06-25,2342,17,1965,7
2018-07-02,2343,21,1715,7
2018-07-09,2344,21,1715,7
2018-07-16,2345,10,3355,7
2018-07-23,2346,10,3355,7
2018-07-30,2347,10,3355,7
2018-08-06,2348,10,3355,7
2018-08-13,2349,10,3445,7
2018-08-20,2350,6,4445,7
2018-08-27,2351,6,4445,7
2018-09-03,2352,6,4445,7
2018-09-10,2353,3,6445,7
2018-09-17,2354,3,6445,7
2018-09-24,2355,3,6445,7
2018-10-01,2356,3,6445,7
2018-10-08,2357,3,6445,7
2018-10-15,2358,2,7445,7
2018-10-22,2359,2,7445,7
2018-10-29,2360,2,7445,7
2018-11-05,2361,1,8045,7
2018-11-12,2362,1,8045,7
2018-11-19,2363,1,9045,7
2018-11-26,2364,1,9045,7
2018-12-03,2365,1,9045,7
2018-12-10,2366,1,9045,7
2018-12-17,2367,1,9045,7
2018-12-24,2368,1,9045,7
2018-12-31,2369,1,9045,7
2019-01-07,2370,1,9135,7
2019-01-14,2371,1,9135,7
2019-01-21,2372,1,9135,7
2019-01-28,2373,1,10955,7
2019-02-04,2374,1,10955,7
2019-02-11,2375,1,10955,7
2019-02-18,2376,1,10955,7
2019-02-25,2377,1,10955,7
2019-03-04,2378,1,10955,7
2019-03-11,2379,1,10955,7
2019-03-18,2380,1,10990,7
2019-03-25,2381,1,10990,7
2019-04-01,2382,1,11070,7
2019-04-08,2383,1,11070,7
2019-04-15,2384,1,11070,7
2019-04-22,2385,1,11160,7
2019-04-29,2386,1,11160,7
2019-05-06,2387,1,11160,7
2019-05-13,2388,1,12115,7
2019-05-20,2389,1,12355,7
2019-05-27,2390,1,12355,7
2019-06-03,2391,1,12355,7
2019-06-10,2392,1,12715,7
2019-06-17,2393,1,12715,7
2019-06-24,2394,1,12415,7
2019-07-01,2395,1,12415,7
2019-07-08,2396,1,12415,7
2019-07-15,2397,1,12415,7
2019-07-22,2398,1,12415,7
2019-07-29,2399,1,12415,7
2019-08-05,2400,1,12415,7
2019-08-12,2401,1,12325,7
2019-08-19,2402,1,11685,7
2019-08-26,2403,1,11685,7
2019-09-02,2404,1,11685,7
2019-09-09,2405,1,9865,7
2019-09-16,2406,1,9865,7
2019-09-23,2407,1,9865,7
2019-09-30,2408,1,9865,7
2019-10-07,2409,1,10365,7
2019-10-14,2410,1,9545,7
2019-10-21,2411,1,9545,7
2019-10-28,2412,1,9545,7
2019-11-04,2413,2,8945,7
2019-11-11,2414,2,8945,7
2019-11-18,2415,2,9145,7
2019-11-25,2416,2,9145,7
2019-12-02,2417,2,9145,7
2019-12-09,2418,2,9145,7
2019-12-16,2419,2,9145,7
2019-12-23,2420,2,9145,7
2019-12-30,2421,2,9145,7
2020-01-06,2422,2,9055,7
2020-01-13,2423,2,9720,7
2020-01-20,2424,2,9720,7
2020-01-27,2425,2,9720,7
2020-02-03,2426,1,9720,7
2020-02-10,2427,1,9720,7
2020-02-17,2428,1,9720,7
2020-02-24,2429,1,9720,7
2020-03-02,2430,1,10220,7
2020-03-09,2431,1,10220,7
2020-03-16,2432,1,10220,7
2020-08-24,2433,1,10220,161
2020-08-31,2434,1,10860,7
2020-09-07,2435,1,10860,7
2020-09-14,2436,1,10860,7
2020-09-21,2437,1,11260,7
2020-09-28,2438,1,11260,7
2020-10-05,2439,1,11260,7
2020-10-12,2440,1,11740,7
2020-10-19,2441,1,11740,7
2020-10-26,2442,1,11740,7
2020-11-02,2443,1,11830,7
2020-11-09,2444,1,11830,7
2020-11-16,2445,1,11830,7
2020-11-23,2446,1,12030,7
2020-11-30,2447,1,12030,7
2020-12-07,2448,1,12030,7
2020-12-14,2449,1,12030,7
2020-12-21,2450,1,12030,7
2020-12-28,2451,1,12030,7
2021-01-04,2452,1,12030,7
2021-01-11,2453,1,12030,7
2021-01-18,2454,1,12030,7
2021-01-25,2455,1,12030,7
2021-02-01,2456,1,12030,7
2021-02-08,2457,1,12030,7
2021-02-15,2458,1,12030,7
2021-02-22,2459,1,12030,7
2021-03-01,2460,1,12030,7
2021-03-08,2461,1,12030,7
2021-03-15,2462,1,12008,7
2021-03-22,2463,1,12008,7
2021-03-29,2464,1,12008,7
2021-04-05,2465,1,11963,7
2021-04-12,2466,1,11963,7
2021-04-19,2467,1,11873,7
2021-04-26,2468,1,11963,7
2021-05-03,2469,1,11963,7
2021-05-10,2470,1,11463,7
2021-05-17,2471,1,11063,7
2021-05-24,2472,1,11063,7
2021-05-31,2473,1,11313,7
2021-06-07,2474,1,11313,7
2021-06-14,2475,1,12113,7
2021-06-21,2476,1,12113,7
2021-06-28,2477,1,12113,7
2021-07-05,2478,1,12113,7
2021-07-12,2479,1,12113,7
2021-07-19,2480,1,12113,7
2021-07-26,2481,1,12113,7
2021-08-02,2482,1,12113,7
2021-08-09,2483,1,12113,7
2021-08-16,2484,1,12113,7
2021-08-23,2485,1,11113,7
2021-08-30,2486,1,11113,7
2021-09-06,2487,1,11113,7
2021-09-13,2488,1,12133,7
2021-09-20,2489,1,12133,7
2021-09-27,2490,1,12133,7
2021-10-04,2491,1,11633,7
2021-10-11,2492,1,11633,7
2021-10-18,2493,1,11430,7
2021-10-25,2494,1,11430,7
2021-11-01,2495,1,10340,7
2021-11-08,2496,1,10940,7
2021-11-15,2497,1,10940,7
2021-11-22,2498,1,11540,7
2021-11-29,2499,1,11540,7
2021-12-06,2500,1,11540,7
2021-12-13,2501,1,11540,7
2021-12-20,2502,1,11540,7
2021-12-27,2503,1,11540,7
2022-01-03,2504,1,11540,7
2022-01-10,2505,1,11015,7
2022-01-17,2506,1,11015,7
2022-01-24,2507,1,11015,7
2022-01-31,2508,1,11015,7
2022-02-07,2509,1,10875,7
2022-02-14,2510,1,10875,7
2022-02-21,2511,1,8875,7
2022-02-28,2512,2,8465,7
2022-03-07,2513,2,8465,7
2022-03-14,2514,2,8465,7
2022-03-21,2515,1,8465,7
2022-03-28,2516,1,8465,7
2022-04-04,2517,1,8420,7
2022-04-11,2518,1,8420,7
2022-04-18,2519,1,8340,7
2022-04-25,2520,1,8400,7
2022-05-02,2521,1,8400,7
2022-05-09,2522,1,8260,7
2022-05-16,2523,1,8660,7
2022-05-23,2524,1,8660,7
2022-05-30,2525,1,8660,7
2022-06-06,2526,1,8770,7
2022-06-13,2527,3,6770,7
2022-06-20,2528,3,6770,7
2022-06-27,2529,3,6770,7
2022-07-04,2530,3,6770,7
2022-07-11,2531,7,4770,7
2022-07-18,2532,7,4770,7
2022-07-25,2533,7,4770,7
2022-08-01,2534,6,4770,7
2022-08-08,2535,6,4770,7
2022-08-15,2536,6,4770,7
2022-08-22,2537,6,4770,7
2022-08-29,2538,6,4770,7
2022-09-05,2539,6,4770,7
2022-09-12,2540,7,3570,7
2022-09-19,2541,7,3570,7
2022-09-26,2542,7,3570,7
2022-10-03,2543,7,3820,7
2022-10-10,2544,7,4320,7
2022-10-17,2545,7,4320,7
2022-10-24,2546,7,4320,7
2022-10-31,2547,7,4320,7
2022-11-07,2548,8,3320,7
2022-11-14,2549,8,3320,7
2022-11-21,2550,5,4820,7
2022-11-28,2551,5,4820,7
2022-12-05,2552,5,4820,7
2022-12-12,2553,5,4820,7
2022-12-19,2554,5,4820,7
2022-12-26,2555,5,4820,7
2023-01-02,2556,5,4820,7
2023-01-09,2557,5,5070,7
2023-01-16,2558,5,5070,7
2023-01-23,2559,5,5070,7
2023-01-30,2560,1,7070,7
2023-02-06,2561,1,7070,7
2023-02-13,2562,1,7070,7
2023-02-20,2563,1,7070,7
2023-02-27,2564,1,6980,7
2023-03-06,2565,1,7160,7
2023-03-13,2566,1,7160,7
2023-03-20,2567,2,7160,7
2023-03-27,2568,2,7160,7
2023-04-03,2569,1,7160,7
2023-04-10,2570,1,7160,7
2023-04-17,2571,1,7240,7
2023-04-24,2572,1,7135,7
2023-05-01,2573,1,7135,7
2023-05-08,2574,1,6775,7
2023-05-15,2575,1,6775,7
2023-05-22,2576,3,5955,7
2023-05-29,2577,3,5955,7
2023-06-05,2578,3,5955,7
2023-06-12,2579,1,7595,7
2023-06-19,2580,1,7595,7
2023-06-26,2581,2,7595,7
2023-07-03,2582,2,7595,7
2023-07-10,2583,2,7595,7
2023-07-17,2584,2,8795,7
2023-07-24,2585,2,8795,7
2023-07-31,2586,2,8795,7
2023-08-07,2587,2,8795,7
2023-08-14,2588,2,8795,7
2023-08-21,2589,2,9795,7
2023-08-28,2590,2,9795,7
2023-09-04,2591,2,9795,7
2023-09-11,2592,1,11795,7
2023-09-18,2593,1,11795,7
2023-09-25,2594,1,11795,7
2023-10-02,2595,1,11545,7
2023-10-09,2596,1,11545,7
2023-10-16,2597,1,11045,7
2023-10-23,2598,1,11045,7
2023-10-30,2599,1,11045,7
2023-11-06,2600,1,11445,7
2023-11-13,2601,1,9945,7
2023-11-20,2602,1,11245,7
2023-11-27,2603,1,11245,7
2023-12-04,2604,1,11245,7
2023-12-11,2605,1,11245,7
2023-12-18,2606,1,11245,7
2023-12-25,2607,1,11245,7
2024-01-01,2608,1,11245,7
2024-01-08,2609,1,11055,7
2024-01-15,2610,1,11055,7
2024-01-22,2611,1,11055,7
2024-01-29,2612,1,9855,7
2024-02-05,2613,1,9855,7
2024-02-12,2614,1,9855,7
2024-02-19,2615,1,9855,7
2024-02-26,2616,1,9855,7
2024-03-04,2617,1,9675,7
2024-03-11,2618,1,9675,7
2024-03-18,2619,1,9725,7
2024-03-25,2620,1,9725,7
2024-04-01,2621,1,9725,7
2024-04-08,2622,1,9725,7
2024-04-15,2623,1,10035,7
2024-04-22,2624,1,9990,7
2024-04-29,2625,1,9990,7
2024-05-06,2626,1,9990,7
2024-05-13,2627,1,9990,7
2024-05-20,2628,1,9860,7
2024-05-27,2629,1,9960,7
2024-06-03,2630,1,9960,7
2024-06-10,2631,3,8360,7
2024-06-17,2632,3,8360,7
2024-06-24,2633,2,8360,7
2024-07-01,2634,2,8360,7
2024-07-08,2635,2,8360,7
2024-07-15,2636,2,8460,7
2024-07-22,2637,2,8460,7
2024-07-29,2638,2,8460,7
2024-08-05,2639,2,8460,7
2024-08-12,2640,2,8460,7
2024-08-19,2641,2,7460,7
2024-08-26,2642,2,7460,7
2024-09-02,2643,2,7460,7
2024-09-09,2644,4,5560,7
2024-09-16,2645,4,5560,7
2024-09-23,2646,4,5560,7
2024-09-30,2647,4,5560,7
2024-10-07,2648,4,5560,7
2024-10-14,2649,4,6210,7
2024-10-21,2650,4,6210,7
2024-10-28,2651,4,6210,7
2024-11-04,2652,5,5210,7
2024-11-11,2653,6,3910,7
2024-11-18,2654,7,3910,7
2024-11-25,2655,7,3910,7
2024-12-02,2656,7,3910,7
2024-12-09,2657,7,3910,7
2024-12-16,2658,7,3910,7
2024-12-23,2659,7,3910,7
2024-12-30,2660,7,3910,7
2025-01-06,2661,7,3900,7
2025-01-13,2662,7,3900,7
2025-01-20,2663,7,3900,7
2025-01-27,2664,6,3900,7
2025-02-03,2665,6,3900,7
2025-02-10,2666,7,3900,7
2025-02-17,2667,7,3900,7
2025-02-24,2668,7,3900,7
2025-03-03,2669,7,3900,7
2025-03-10,2670,7,3900,7
2025-03-17,2671,5,3860,7
2025-03-24,2672,5,3860,7
2025-03-31,2673,5,4510,7
2025-04-07,2674,5,4510,7
2025-04-14,2675,5,4120,7
2025-04-21,2676,5,4120,7
2025-04-28,2677,5,4120,7
2025-05-05,2678,6,4130,7
2025-05-12,2679,6,4130,7
2025-05-19,2680,6,4080,7
2025-05-26,2681,6,4230,7
2025-06-02,2682,6,4230,7
2025-06-09,2683,5,4630,7
2025-06-16,2684,5,4630,7
2025-06-23,2685,6,4630,7
2025-06-30,2686,6,4630,7
2025-07-07,2687,6,4630,7
2025-07-14,2688,6,4130,7
2025-07-21,2689,6,4130,7
2025-07-28,2690,6,4130,7
2025-08-04,2691,7,4130,7
2025-08-18,2692,7,4130,14
2025-08-25,2693,7,4130,7
2025-09-08,2694,4,4830,14
2025-09-15,2695,4,4830,7
2025-09-22,2696,4,4830,7
2025-10-13,2697,5,4580,21
2025-10-20,2698,5,4580,7
2025-10-27,2699,5,4580,7
2025-11-03,2700,5,4580,7
2025-11-10,2701,4,4830,7
2025-11-17,2702,4,4830,7
2025-11-24,2703,4,4830,7
2025-12-01,2704,4,4830,7
2025-12-08,2705,4,4830,7
2025-12-15,2706,4,4830,7
2025-12-22,2707,4,4830,7
2025-12-29,2708,4,4820,7
2026-01-05,2709,4,4780,7
2026-01-12,2710,4,4780,7
2026-01-19,2711,4,4780,7
2026-02-02,2712,3,5280,14
2026-02-09,2713,3,5280,7
2026-02-16,2714,3,5280,7