url,slug,page
https://stats.tennismylife.org/tournaments/auckland/records,auckland,records
https://stats.tennismylife.org/tournaments/munich/records,munich,records
https://stats.tennismylife.org/tournaments/queens-club/records,queens-club,records
https://stats.tennismylife.org/tournaments/gstaad/records,gstaad,records
https://stats.tennismylife.org/tournaments/bastad/records,bastad,records
https://stats.tennismylife.org/tournaments/kitzbuhel/records,kitzbuhel,records
https://stats.tennismylife.org/tournaments/stuttgart/records,stuttgart,records
https://stats.tennismylife.org/tournaments/geneva/records,geneva,records
https://stats.tennismylife.org/tournaments/basel/records,basel,records
https://stats.tennismylife.org/tournaments/tokyo/records,tokyo,records
https://stats.tennismylife.org/tournaments/hong-kong/records,hong-kong,records
https://stats.tennismylife.org/tournaments/vienna/records,vienna,records
https://stats.tennismylife.org/tournaments/brisbane/records,brisbane,records
https://stats.tennismylife.org/tournaments/metz/records,metz,records
https://stats.tennismylife.org/tournaments/paris-masters/records,paris-masters,records
https://stats.tennismylife.org/tournaments/marrakech/records,marrakech,records
https://stats.tennismylife.org/tournaments/montpellier/records,montpellier,records
https://stats.tennismylife.org/tournaments/miami-masters/records,miami-masters,records
https://stats.tennismylife.org/tournaments/indian-wells-masters/records,indian-wells-masters,records
https://stats.tennismylife.org/tournaments/rotterdam/records,rotterdam,records
https://stats.tennismylife.org/tournaments/monte-carlo-masters/records,monte-carlo-masters,records
https://stats.tennismylife.org/tournaments/hamburg/records,hamburg,records
https://stats.tennismylife.org/tournaments/rome-masters/records,rome-masters,records
https://stats.tennismylife.org/tournaments/washington/records,washington,records
https://stats.tennismylife.org/tournaments/canada-masters/records,canada-masters,records
https://stats.tennismylife.org/tournaments/cincinnati-masters/records,cincinnati-masters,records
https://stats.tennismylife.org/tournaments/dallas-2/records,dallas-2,records
https://stats.tennismylife.org/tournaments/barcelona/records,barcelona,records
https://stats.tennismylife.org/tournaments/stockholm/records,stockholm,records
https://stats.tennismylife.org/tournaments/umag/records,umag,records
https://stats.tennismylife.org/tournaments/s-hertogenbosch/records,s-hertogenbosch,records
https://stats.tennismylife.org/tournaments/doha/records,doha,records
https://stats.tennismylife.org/tournaments/dubai/records,dubai,records
https://stats.tennismylife.org/tournaments/marseille/records,marseille,records
https://stats.tennismylife.org/tournaments/delray-beach/records,delray-beach,records
https://stats.tennismylife.org/tournaments/halle/records,halle,records
https://stats.tennismylife.org/tournaments/buenos-aires-2/records,buenos-aires-2,records
https://stats.tennismylife.org/tournaments/roland-garros/records,roland-garros,records
https://stats.tennismylife.org/tournaments/roland-garros/records/count/titles,roland-garros,records/count/titles
https://stats.tennismylife.org/tournaments/roland-garros/records/count/wins,roland-garros,records/count/wins
https://stats.tennismylife.org/tournaments/roland-garros/records/count/played,roland-garros,records/count/played
https://stats.tennismylife.org/tournaments/roland-garros/records/count/entries,roland-garros,records/count/entries
https://stats.tennismylife.org/tournaments/roland-garros/records/percentage/wins,roland-garros,records/percentage/wins
https://stats.tennismylife.org/tournaments/roland-garros/records/percentage/rounds/R128,roland-garros,records/percentage/rounds/R128
https://stats.tennismylife.org/tournaments/roland-garros/records/percentage/rounds/R64,roland-garros,records/percentage/rounds/R64
https://stats.tennismylife.org/tournaments/roland-garros/records/percentage/rounds/R32,roland-garros,records/percentage/rounds/R32
https://stats.tennismylife.org/tournaments/roland-garros/records/percentage/rounds/R16,roland-garros,records/percentage/rounds/R16
https://stats.tennismylife.org/tournaments/roland-garros/records/percentage/rounds/QF,roland-garros,records/percentage/rounds/QF
https://stats.tennismylife.org/tournaments/roland-garros/records/percentage/rounds/SF,roland-garros,records/percentage/rounds/SF
https://stats.tennismylife.org/tournaments/roland-garros/records/percentage/rounds/F,roland-garros,records/percentage/rounds/F
https://stats.tennismylife.org/tournaments/roland-garros/records/timespan/rounds/Titles,roland-garros,records/timespan/rounds/Titles
https://stats.tennismylife.org/tournaments/roland-garros/records/timespan/rounds/R128,roland-garros,records/timespan/rounds/R128
https://stats.tennismylife.org/tournaments/roland-garros/records/timespan/rounds/R64,roland-garros,records/timespan/rounds/R64
https://stats.tennismylife.org/tournaments/roland-garros/records/timespan/rounds/R32,roland-garros,records/timespan/rounds/R32
https://stats.tennismylife.org/tournaments/roland-garros/records/timespan/rounds/R16,roland-garros,records/timespan/rounds/R16
https://stats.tennismylife.org/tournaments/roland-garros/records/timespan/rounds/QF,roland-garros,records/timespan/rounds/QF
https://stats.tennismylife.org/tournaments/roland-garros/records/timespan/rounds/SF,roland-garros,records/timespan/rounds/SF
https://stats.tennismylife.org/tournaments/roland-garros/records/timespan/rounds/F,roland-garros,records/timespan/rounds/F
https://stats.tennismylife.org/tournaments/roland-garros/records/roundsonentries/rounds/Winner,roland-garros,records/roundsonentries/rounds/Winner
https://stats.tennismylife.org/tournaments/roland-garros/records/roundsonentries/rounds/R32,roland-garros,records/roundsonentries/rounds/R32
https://stats.tennismylife.org/tournaments/roland-garros/records/roundsonentries/rounds/R16,roland-garros,records/roundsonentries/rounds/R16
https://stats.tennismylife.org/tournaments/roland-garros/records/roundsonentries/rounds/QF,roland-garros,records/roundsonentries/rounds/QF
https://stats.tennismylife.org/tournaments/roland-garros/records/roundsonentries/rounds/SF,roland-garros,records/roundsonentries/rounds/SF
https://stats.tennismylife.org/tournaments/roland-garros/records/roundsonentries/rounds/F,roland-garros,records/roundsonentries/rounds/F
https://stats.tennismylife.org/tournaments/roland-garros/records/least/rounds/R32,roland-garros,records/least/rounds/R32
https://stats.tennismylife.org/tournaments/roland-garros/records/least/rounds/R16,roland-garros,records/least/rounds/R16
https://stats.tennismylife.org/tournaments/roland-garros/records/least/rounds/QF,roland-garros,records/least/rounds/QF
https://stats.tennismylife.org/tournaments/roland-garros/records/least/rounds/SF,roland-garros,records/least/rounds/SF
https://stats.tennismylife.org/tournaments/roland-garros/records/least/rounds/F,roland-garros,records/least/rounds/F
https://stats.tennismylife.org/tournaments/roland-garros/records/least/rounds/W,roland-garros,records/least/rounds/W
https://stats.tennismylife.org/tournaments/roland-garros/records/ages/main/youngest,roland-garros,records/ages/main/youngest
https://stats.tennismylife.org/tournaments/roland-garros/records/ages/main/oldest,roland-garros,records/ages/main/oldest
https://stats.tennismylife.org/tournaments/roland-garros/records/ages/titles/youngest,roland-garros,records/ages/titles/youngest
https://stats.tennismylife.org/tournaments/roland-garros/records/ages/titles/oldest,roland-garros,records/ages/titles/oldest
https://stats.tennismylife.org/tournaments/roland-garros/records/ages/youngestrounds/R128,roland-garros,records/ages/youngestrounds/R128
https://stats.tennismylife.org/tournaments/roland-garros/records/ages/youngestrounds/R64,roland-garros,records/ages/youngestrounds/R64
https://stats.tennismylife.org/tournaments/roland-garros/records/ages/youngestrounds/R32,roland-garros,records/ages/youngestrounds/R32
https://stats.tennismylife.org/tournaments/roland-garros/records/ages/youngestrounds/R16,roland-garros,records/ages/youngestrounds/R16
https://stats.tennismylife.org/tournaments/roland-garros/records/ages/youngestrounds/QF,roland-garros,records/ages/youngestrounds/QF
https://stats.tennismylife.org/tournaments/roland-garros/records/ages/youngestrounds/SF,roland-garros,records/ages/youngestrounds/SF
https://stats.tennismylife.org/tournaments/roland-garros/records/ages/youngestrounds/F,roland-garros,records/ages/youngestrounds/F
https://stats.tennismylife.org/tournaments/roland-garros/records/ages/oldestrounds/R128,roland-garros,records/ages/oldestrounds/R128
https://stats.tennismylife.org/tournaments/roland-garros/records/ages/oldestrounds/R64,roland-garros,records/ages/oldestrounds/R64
https://stats.tennismylife.org/tournaments/roland-garros/records/ages/oldestrounds/R32,roland-garros,records/ages/oldestrounds/R32
https://stats.tennismylife.org/tournaments/roland-garros/records/ages/oldestrounds/R16,roland-garros,records/ages/oldestrounds/R16
https://stats.tennismylife.org/tournaments/roland-garros/records/ages/oldestrounds/QF,roland-garros,records/ages/oldestrounds/QF
https://stats.tennismylife.org/tournaments/roland-garros/records/ages/oldestrounds/SF,roland-garros,records/ages/oldestrounds/SF
https://stats.tennismylife.org/tournaments/roland-garros/records/ages/oldestrounds/F,roland-garros,records/ages/oldestrounds/F
https://stats.tennismylife.org/tournaments/wimbledon/records,wimbledon,records
https://stats.tennismylife.org/tournaments/wimbledon/records/count/titles,wimbledon,records/count/titles
https://stats.tennismylife.org/tournaments/wimbledon/records/count/wins,wimbledon,records/count/wins
https://stats.tennismylife.org/tournaments/wimbledon/records/count/played,wimbledon,records/count/played
https://stats.tennismylife.org/tournaments/wimbledon/records/count/entries,wimbledon,records/count/entries
https://stats.tennismylife.org/tournaments/wimbledon/records/percentage/wins,wimbledon,records/percentage/wins
https://stats.tennismylife.org/tournaments/wimbledon/records/percentage/rounds/R128,wimbledon,records/percentage/rounds/R128
https://stats.tennismylife.org/tournaments/wimbledon/records/percentage/rounds/R64,wimbledon,records/percentage/rounds/R64
https://stats.tennismylife.org/tournaments/wimbledon/records/percentage/rounds/R32,wimbledon,records/percentage/rounds/R32
https://stats.tennismylife.org/tournaments/wimbledon/records/percentage/rounds/R16,wimbledon,records/percentage/rounds/R16
https://stats.tennismylife.org/tournaments/wimbledon/records/percentage/rounds/QF,wimbledon,records/percentage/rounds/QF
https://stats.tennismylife.org/tournaments/wimbledon/records/percentage/rounds/SF,wimbledon,records/percentage/rounds/SF
https://stats.tennismylife.org/tournaments/wimbledon/records/percentage/rounds/F,wimbledon,records/percentage/rounds/F
https://stats.tennismylife.org/tournaments/wimbledon/records/timespan/rounds/Titles,wimbledon,records/timespan/rounds/Titles
https://stats.tennismylife.org/tournaments/wimbledon/records/timespan/rounds/R128,wimbledon,records/timespan/rounds/R128
https://stats.tennismylife.org/tournaments/wimbledon/records/timespan/rounds/R64,wimbledon,records/timespan/rounds/R64
https://stats.tennismylife.org/tournaments/wimbledon/records/timespan/rounds/R32,wimbledon,records/timespan/rounds/R32
https://stats.tennismylife.org/tournaments/wimbledon/records/timespan/rounds/R16,wimbledon,records/timespan/rounds/R16
https://stats.tennismylife.org/tournaments/wimbledon/records/timespan/rounds/QF,wimbledon,records/timespan/rounds/QF
https://stats.tennismylife.org/tournaments/wimbledon/records/timespan/rounds/SF,wimbledon,records/timespan/rounds/SF
https://stats.tennismylife.org/tournaments/wimbledon/records/timespan/rounds/F,wimbledon,records/timespan/rounds/F
https://stats.tennismylife.org/tournaments/wimbledon/records/roundsonentries/rounds/Winner,wimbledon,records/roundsonentries/rounds/Winner
https://stats.tennismylife.org/tournaments/wimbledon/records/roundsonentries/rounds/R32,wimbledon,records/roundsonentries/rounds/R32
https://stats.tennismylife.org/tournaments/wimbledon/records/roundsonentries/rounds/R16,wimbledon,records/roundsonentries/rounds/R16
https://stats.tennismylife.org/tournaments/wimbledon/records/roundsonentries/rounds/QF,wimbledon,records/roundsonentries/rounds/QF
https://stats.tennismylife.org/tournaments/wimbledon/records/roundsonentries/rounds/SF,wimbledon,records/roundsonentries/rounds/SF
https://stats.tennismylife.org/tournaments/wimbledon/records/roundsonentries/rounds/F,wimbledon,records/roundsonentries/rounds/F
https://stats.tennismylife.org/tournaments/wimbledon/records/least/rounds/R32,wimbledon,records/least/rounds/R32
https://stats.tennismylife.org/tournaments/wimbledon/records/least/rounds/R16,wimbledon,records/least/rounds/R16
https://stats.tennismylife.org/tournaments/wimbledon/records/least/rounds/QF,wimbledon,records/least/rounds/QF
https://stats.tennismylife.org/tournaments/wimbledon/records/least/rounds/SF,wimbledon,records/least/rounds/SF
https://stats.tennismylife.org/tournaments/wimbledon/records/least/rounds/F,wimbledon,records/least/rounds/F
https://stats.tennismylife.org/tournaments/wimbledon/records/least/rounds/W,wimbledon,records/least/rounds/W
https://stats.tennismylife.org/tournaments/wimbledon/records/ages/main/youngest,wimbledon,records/ages/main/youngest
https://stats.tennismylife.org/tournaments/wimbledon/records/ages/main/oldest,wimbledon,records/ages/main/oldest
https://stats.tennismylife.org/tournaments/wimbledon/records/ages/titles/youngest,wimbledon,records/ages/titles/youngest
https://stats.tennismylife.org/tournaments/wimbledon/records/ages/titles/oldest,wimbledon,records/ages/titles/oldest
https://stats.tennismylife.org/tournaments/wimbledon/records/ages/youngestrounds/R128,wimbledon,records/ages/youngestrounds/R128
https://stats.tennismylife.org/tournaments/wimbledon/records/ages/youngestrounds/R64,wimbledon,records/ages/youngestrounds/R64
https://stats.tennismylife.org/tournaments/wimbledon/records/ages/youngestrounds/R32,wimbledon,records/ages/youngestrounds/R32
https://stats.tennismylife.org/tournaments/wimbledon/records/ages/youngestrounds/R16,wimbledon,records/ages/youngestrounds/R16
https://stats.tennismylife.org/tournaments/wimbledon/records/ages/youngestrounds/QF,wimbledon,records/ages/youngestrounds/QF
https://stats.tennismylife.org/tournaments/wimbledon/records/ages/youngestrounds/SF,wimbledon,records/ages/youngestrounds/SF
https://stats.tennismylife.org/tournaments/wimbledon/records/ages/youngestrounds/F,wimbledon,records/ages/youngestrounds/F
https://stats.tennismylife.org/tournaments/wimbledon/records/ages/oldestrounds/R128,wimbledon,records/ages/oldestrounds/R128
https://stats.tennismylife.org/tournaments/wimbledon/records/ages/oldestrounds/R64,wimbledon,records/ages/oldestrounds/R64
https://stats.tennismylife.org/tournaments/wimbledon/records/ages/oldestrounds/R32,wimbledon,records/ages/oldestrounds/R32
https://stats.tennismylife.org/tournaments/wimbledon/records/ages/oldestrounds/R16,wimbledon,records/ages/oldestrounds/R16
https://stats.tennismylife.org/tournaments/wimbledon/records/ages/oldestrounds/QF,wimbledon,records/ages/oldestrounds/QF
https://stats.tennismylife.org/tournaments/wimbledon/records/ages/oldestrounds/SF,wimbledon,records/ages/oldestrounds/SF
https://stats.tennismylife.org/tournaments/wimbledon/records/ages/oldestrounds/F,wimbledon,records/ages/oldestrounds/F
https://stats.tennismylife.org/tournaments/us-open/records,us-open,records
https://stats.tennismylife.org/tournaments/us-open/records/count/titles,us-open,records/count/titles
https://stats.tennismylife.org/tournaments/us-open/records/count/wins,us-open,records/count/wins
https://stats.tennismylife.org/tournaments/us-open/records/count/played,us-open,records/count/played
https://stats.tennismylife.org/tournaments/us-open/records/count/entries,us-open,records/count/entries
https://stats.tennismylife.org/tournaments/us-open/records/percentage/wins,us-open,records/percentage/wins
https://stats.tennismylife.org/tournaments/us-open/records/percentage/rounds/R128,us-open,records/percentage/rounds/R128
https://stats.tennismylife.org/tournaments/us-open/records/percentage/rounds/R64,us-open,records/percentage/rounds/R64
https://stats.tennismylife.org/tournaments/us-open/records/percentage/rounds/R32,us-open,records/percentage/rounds/R32
https://stats.tennismylife.org/tournaments/us-open/records/percentage/rounds/R16,us-open,records/percentage/rounds/R16
https://stats.tennismylife.org/tournaments/us-open/records/percentage/rounds/QF,us-open,records/percentage/rounds/QF
https://stats.tennismylife.org/tournaments/us-open/records/percentage/rounds/SF,us-open,records/percentage/rounds/SF
https://stats.tennismylife.org/tournaments/us-open/records/percentage/rounds/F,us-open,records/percentage/rounds/F
https://stats.tennismylife.org/tournaments/us-open/records/timespan/rounds/Titles,us-open,records/timespan/rounds/Titles
https://stats.tennismylife.org/tournaments/us-open/records/timespan/rounds/R128,us-open,records/timespan/rounds/R128
https://stats.tennismylife.org/tournaments/us-open/records/timespan/rounds/R64,us-open,records/timespan/rounds/R64
https://stats.tennismylife.org/tournaments/us-open/records/timespan/rounds/R32,us-open,records/timespan/rounds/R32
https://stats.tennismylife.org/tournaments/us-open/records/timespan/rounds/R16,us-open,records/timespan/rounds/R16
https://stats.tennismylife.org/tournaments/us-open/records/timespan/rounds/QF,us-open,records/timespan/rounds/QF
https://stats.tennismylife.org/tournaments/us-open/records/timespan/rounds/SF,us-open,records/timespan/rounds/SF
https://stats.tennismylife.org/tournaments/us-open/records/timespan/rounds/F,us-open,records/timespan/rounds/F
https://stats.tennismylife.org/tournaments/us-open/records/roundsonentries/rounds/Winner,us-open,records/roundsonentries/rounds/Winner
https://stats.tennismylife.org/tournaments/us-open/records/roundsonentries/rounds/R32,us-open,records/roundsonentries/rounds/R32
https://stats.tennismylife.org/tournaments/us-open/records/roundsonentries/rounds/R16,us-open,records/roundsonentries/rounds/R16
https://stats.tennismylife.org/tournaments/us-open/records/roundsonentries/rounds/QF,us-open,records/roundsonentries/rounds/QF
https://stats.tennismylife.org/tournaments/us-open/records/roundsonentries/rounds/SF,us-open,records/roundsonentries/rounds/SF
https://stats.tennismylife.org/tournaments/us-open/records/roundsonentries/rounds/F,us-open,records/roundsonentries/rounds/F
https://stats.tennismylife.org/tournaments/us-open/records/least/rounds/R32,us-open,records/least/rounds/R32
https://stats.tennismylife.org/tournaments/us-open/records/least/rounds/R16,us-open,records/least/rounds/R16
https://stats.tennismylife.org/tournaments/us-open/records/least/rounds/QF,us-open,records/least/rounds/QF
https://stats.tennismylife.org/tournaments/us-open/records/least/rounds/SF,us-open,records/least/rounds/SF
https://stats.tennismylife.org/tournaments/us-open/records/least/rounds/F,us-open,records/least/rounds/F
https://stats.tennismylife.org/tournaments/us-open/records/least/rounds/W,us-open,records/least/rounds/W
https://stats.tennismylife.org/tournaments/us-open/records/ages/main/youngest,us-open,records/ages/main/youngest
https://stats.tennismylife.org/tournaments/us-open/records/ages/main/oldest,us-open,records/ages/main/oldest
https://stats.tennismylife.org/tournaments/us-open/records/ages/titles/youngest,us-open,records/ages/titles/youngest
https://stats.tennismylife.org/tournaments/us-open/records/ages/titles/oldest,us-open,records/ages/titles/oldest
https://stats.tennismylife.org/tournaments/us-open/records/ages/youngestrounds/R128,us-open,records/ages/youngestrounds/R128
https://stats.tennismylife.org/tournaments/us-open/records/ages/youngestrounds/R64,us-open,records/ages/youngestrounds/R64
https://stats.tennismylife.org/tournaments/us-open/records/ages/youngestrounds/R32,us-open,records/ages/youngestrounds/R32
https://stats.tennismylife.org/tournaments/us-open/records/ages/youngestrounds/R16,us-open,records/ages/youngestrounds/R16
https://stats.tennismylife.org/tournaments/us-open/records/ages/youngestrounds/QF,us-open,records/ages/youngestrounds/QF
https://stats.tennismylife.org/tournaments/us-open/records/ages/youngestrounds/SF,us-open,records/ages/youngestrounds/SF
https://stats.tennismylife.org/tournaments/us-open/records/ages/youngestrounds/F,us-open,records/ages/youngestrounds/F
https://stats.tennismylife.org/tournaments/us-open/records/ages/oldestrounds/R128,us-open,records/ages/oldestrounds/R128
https://stats.tennismylife.org/tournaments/us-open/records/ages/oldestrounds/R64,us-open,records/ages/oldestrounds/R64
https://stats.tennismylife.org/tournaments/us-open/records/ages/oldestrounds/R32,us-open,records/ages/oldestrounds/R32
https://stats.tennismylife.org/tournaments/us-open/records/ages/oldestrounds/R16,us-open,records/ages/oldestrounds/R16
https://stats.tennismylife.org/tournaments/us-open/records/ages/oldestrounds/QF,us-open,records/ages/oldestrounds/QF
https://stats.tennismylife.org/tournaments/us-open/records/ages/oldestrounds/SF,us-open,records/ages/oldestrounds/SF
https://stats.tennismylife.org/tournaments/us-open/records/ages/oldestrounds/F,us-open,records/ages/oldestrounds/F
https://stats.tennismylife.org/tournaments/australian-open/records,australian-open,records
https://stats.tennismylife.org/tournaments/australian-open/records/count/titles,australian-open,records/count/titles
https://stats.tennismylife.org/tournaments/australian-open/records/count/wins,australian-open,records/count/wins
https://stats.tennismylife.org/tournaments/australian-open/records/count/played,australian-open,records/count/played
https://stats.tennismylife.org/tournaments/australian-open/records/count/entries,australian-open,records/count/entries
https://stats.tennismylife.org/tournaments/australian-open/records/percentage/wins,australian-open,records/percentage/wins
https://stats.tennismylife.org/tournaments/australian-open/records/percentage/rounds/R128,australian-open,records/percentage/rounds/R128
https://stats.tennismylife.org/tournaments/australian-open/records/percentage/rounds/R64,australian-open,records/percentage/rounds/R64
https://stats.tennismylife.org/tournaments/australian-open/records/percentage/rounds/R32,australian-open,records/percentage/rounds/R32
https://stats.tennismylife.org/tournaments/australian-open/records/percentage/rounds/R16,australian-open,records/percentage/rounds/R16
https://stats.tennismylife.org/tournaments/australian-open/records/percentage/rounds/QF,australian-open,records/percentage/rounds/QF
https://stats.tennismylife.org/tournaments/australian-open/records/percentage/rounds/SF,australian-open,records/percentage/rounds/SF
https://stats.tennismylife.org/tournaments/australian-open/records/percentage/rounds/F,australian-open,records/percentage/rounds/F
https://stats.tennismylife.org/tournaments/australian-open/records/timespan/rounds/Titles,australian-open,records/timespan/rounds/Titles
https://stats.tennismylife.org/tournaments/australian-open/records/timespan/rounds/R128,australian-open,records/timespan/rounds/R128
https://stats.tennismylife.org/tournaments/australian-open/records/timespan/rounds/R64,australian-open,records/timespan/rounds/R64
https://stats.tennismylife.org/tournaments/australian-open/records/timespan/rounds/R32,australian-open,records/timespan/rounds/R32
https://stats.tennismylife.org/tournaments/australian-open/records/timespan/rounds/R16,australian-open,records/timespan/rounds/R16
https://stats.tennismylife.org/tournaments/australian-open/records/timespan/rounds/QF,australian-open,records/timespan/rounds/QF
https://stats.tennismylife.org/tournaments/australian-open/records/timespan/rounds/SF,australian-open,records/timespan/rounds/SF
https://stats.tennismylife.org/tournaments/australian-open/records/timespan/rounds/F,australian-open,records/timespan/rounds/F
https://stats.tennismylife.org/tournaments/australian-open/records/roundsonentries/rounds/Winner,australian-open,records/roundsonentries/rounds/Winner
https://stats.tennismylife.org/tournaments/australian-open/records/roundsonentries/rounds/R32,australian-open,records/roundsonentries/rounds/R32
https://stats.tennismylife.org/tournaments/australian-open/records/roundsonentries/rounds/R16,australian-open,records/roundsonentries/rounds/R16
https://stats.tennismylife.org/tournaments/australian-open/records/roundsonentries/rounds/QF,australian-open,records/roundsonentries/rounds/QF
https://stats.tennismylife.org/tournaments/australian-open/records/roundsonentries/rounds/SF,australian-open,records/roundsonentries/rounds/SF
https://stats.tennismylife.org/tournaments/australian-open/records/roundsonentries/rounds/F,australian-open,records/roundsonentries/rounds/F
https://stats.tennismylife.org/tournaments/australian-open/records/least/rounds/R32,australian-open,records/least/rounds/R32
https://stats.tennismylife.org/tournaments/australian-open/records/least/rounds/R16,australian-open,records/least/rounds/R16
https://stats.tennismylife.org/tournaments/australian-open/records/least/rounds/QF,australian-open,records/least/rounds/QF
https://stats.tennismylife.org/tournaments/australian-open/records/least/rounds/SF,australian-open,records/least/rounds/SF
https://stats.tennismylife.org/tournaments/australian-open/records/least/rounds/F,australian-open,records/least/rounds/F
https://stats.tennismylife.org/tournaments/australian-open/records/least/rounds/W,australian-open,records/least/rounds/W
https://stats.tennismylife.org/tournaments/australian-open/records/ages/main/youngest,australian-open,records/ages/main/youngest
https://stats.tennismylife.org/tournaments/australian-open/records/ages/main/oldest,australian-open,records/ages/main/oldest
https://stats.tennismylife.org/tournaments/australian-open/records/ages/titles/youngest,australian-open,records/ages/titles/youngest
https://stats.tennismylife.org/tournaments/australian-open/records/ages/titles/oldest,australian-open,records/ages/titles/oldest
https://stats.tennismylife.org/tournaments/australian-open/records/ages/youngestrounds/R128,australian-open,records/ages/youngestrounds/R128
https://stats.tennismylife.org/tournaments/australian-open/records/ages/youngestrounds/R64,australian-open,records/ages/youngestrounds/R64
https://stats.tennismylife.org/tournaments/australian-open/records/ages/youngestrounds/R32,australian-open,records/ages/youngestrounds/R32
https://stats.tennismylife.org/tournaments/australian-open/records/ages/youngestrounds/R16,australian-open,records/ages/youngestrounds/R16
https://stats.tennismylife.org/tournaments/australian-open/records/ages/youngestrounds/QF,australian-open,records/ages/youngestrounds/QF
https://stats.tennismylife.org/tournaments/australian-open/records/ages/youngestrounds/SF,australian-open,records/ages/youngestrounds/SF
https://stats.tennismylife.org/tournaments/australian-open/records/ages/youngestrounds/F,australian-open,records/ages/youngestrounds/F
https://stats.tennismylife.org/tournaments/australian-open/records/ages/oldestrounds/R128,australian-open,records/ages/oldestrounds/R128
https://stats.tennismylife.org/tournaments/australian-open/records/ages/oldestrounds/R64,australian-open,records/ages/oldestrounds/R64
https://stats.tennismylife.org/tournaments/australian-open/records/ages/oldestrounds/R32,australian-open,records/ages/oldestrounds/R32
https://stats.tennismylife.org/tournaments/australian-open/records/ages/oldestrounds/R16,australian-open,records/ages/oldestrounds/R16
https://stats.tennismylife.org/tournaments/australian-open/records/ages/oldestrounds/QF,australian-open,records/ages/oldestrounds/QF
https://stats.tennismylife.org/tournaments/australian-open/records/ages/oldestrounds/SF,australian-open,records/ages/oldestrounds/SF
https://stats.tennismylife.org/tournaments/australian-open/records/ages/oldestrounds/F,australian-open,records/ages/oldestrounds/F
https://stats.tennismylife.org/tournaments/atp-finals/records,atp-finals,records
https://stats.tennismylife.org/tournaments/houston-2/records,houston-2,records
https://stats.tennismylife.org/tournaments/eastbourne/records,eastbourne,records
https://stats.tennismylife.org/tournaments/beijing/records,beijing,records
https://stats.tennismylife.org/tournaments/acapulco/records,acapulco,records
https://stats.tennismylife.org/tournaments/madrid-masters/records,madrid-masters,records
https://stats.tennismylife.org/tournaments/bucharest-2/records,bucharest-2,records
https://stats.tennismylife.org/tournaments/hangzhou/records,hangzhou,records
https://stats.tennismylife.org/tournaments/shanghai/records,shanghai,records
https://stats.tennismylife.org/tournaments/athens-2/records,athens-2,records
https://stats.tennismylife.org/tournaments/winston-salem/records,winston-salem,records
https://stats.tennismylife.org/tournaments/rio-de-janeiro/records,rio-de-janeiro,records
https://stats.tennismylife.org/tournaments/los-cabos/records,los-cabos,records
https://stats.tennismylife.org/tournaments/brussels-3/records,brussels-3,records
https://stats.tennismylife.org/tournaments/chengdu/records,chengdu,records
https://stats.tennismylife.org/tournaments/next-gen-atp-finals/records,next-gen-atp-finals,records
https://stats.tennismylife.org/tournaments/mallorca-2/records,mallorca-2,records
https://stats.tennismylife.org/tournaments/santiago-2/records,santiago-2,records
https://stats.tennismylife.org/tournaments/adelaide-3/records,adelaide-3,records
https://stats.tennismylife.org/tournaments/almaty/records,almaty,records
https://stats.tennismylife.org/tournaments/united-cup/records,united-cup,records