url,slug,id
"https://stats.tennismylife.org/players/aaron-krickstein","aaron-krickstein",""
"https://stats.tennismylife.org/players/abdullah-shelbayh","abdullah-shelbayh",""
"https://stats.tennismylife.org/players/adam-walton","adam-walton",""
"https://stats.tennismylife.org/players/adrian-mannarino","adrian-mannarino",""
"https://stats.tennismylife.org/players/adrian-voinea","adrian-voinea",""
"https://stats.tennismylife.org/players/adriano-panatta","adriano-panatta",""
"https://stats.tennismylife.org/players/agustin-calleri","agustin-calleri",""
"https://stats.tennismylife.org/players/alan-magadan","alan-magadan",""
"https://stats.tennismylife.org/players/albert-costa","albert-costa",""
"https://stats.tennismylife.org/players/albert-montanes","albert-montanes",""
"https://stats.tennismylife.org/players/albert-portas","albert-portas",""
"https://stats.tennismylife.org/players/albert-ramos-vinolas","albert-ramos-vinolas",""
"https://stats.tennismylife.org/players/alberto-berasategui","alberto-berasategui",""
"https://stats.tennismylife.org/players/alberto-mancini","alberto-mancini",""
"https://stats.tennismylife.org/players/alberto-martin","alberto-martin",""
"https://stats.tennismylife.org/players/alejandro-davidovich-fokina","alejandro-davidovich-fokina",""
"https://stats.tennismylife.org/players/alejandro-moro-canas","alejandro-moro-canas",""
"https://stats.tennismylife.org/players/alejandro-olmedo","alejandro-olmedo",""
"https://stats.tennismylife.org/players/alejandro-tabilo","alejandro-tabilo",""
"https://stats.tennismylife.org/players/aleksandar-kovacevic","aleksandar-kovacevic",""
"https://stats.tennismylife.org/players/aleksandar-vukic","aleksandar-vukic",""
"https://stats.tennismylife.org/players/alex-antonitsch","alex-antonitsch",""
"https://stats.tennismylife.org/players/alex-bolt","alex-bolt",""
"https://stats.tennismylife.org/players/alex-calatrava","alex-calatrava",""
"https://stats.tennismylife.org/players/alex-corretja","alex-corretja",""
"https://stats.tennismylife.org/players/alex-de-minaur","alex-de-minaur",""
"https://stats.tennismylife.org/players/alex-hernandez","alex-hernandez",""
"https://stats.tennismylife.org/players/alex-metreveli","alex-metreveli",""
"https://stats.tennismylife.org/players/alex-michelsen","alex-michelsen",""
"https://stats.tennismylife.org/players/alex-obrien","alex-obrien",""
"https://stats.tennismylife.org/players/alexander-blockx","alexander-blockx",""
"https://stats.tennismylife.org/players/alexander-bublik","alexander-bublik",""
"https://stats.tennismylife.org/players/alexander-ritschard","alexander-ritschard",""
"https://stats.tennismylife.org/players/alexander-shevchenko","alexander-shevchenko",""
"https://stats.tennismylife.org/players/alexander-volkov","alexander-volkov",""
"https://stats.tennismylife.org/players/alexander-zverev","alexander-zverev",""
"https://stats.tennismylife.org/players/alexandr-dolgopolov","alexandr-dolgopolov",""
"https://stats.tennismylife.org/players/alexandre-muller","alexandre-muller",""
"https://stats.tennismylife.org/players/alexei-popyrin","alexei-popyrin",""
"https://stats.tennismylife.org/players/alexis-galarneau","alexis-galarneau",""
"https://stats.tennismylife.org/players/alibek-kachmazov","alibek-kachmazov",""
"https://stats.tennismylife.org/players/alvaro-guillen-meza","alvaro-guillen-meza",""
"https://stats.tennismylife.org/players/amir-omarkhanov","amir-omarkhanov",""
"https://stats.tennismylife.org/players/amos-mansdorf","amos-mansdorf",""
"https://stats.tennismylife.org/players/anders-jarryd","anders-jarryd",""
"https://stats.tennismylife.org/players/andre-agassi","andre-agassi",""
"https://stats.tennismylife.org/players/andrea-gaudenzi","andrea-gaudenzi",""
"https://stats.tennismylife.org/players/andrea-pellegrino","andrea-pellegrino",""
"https://stats.tennismylife.org/players/andrea-vavassori","andrea-vavassori",""
"https://stats.tennismylife.org/players/andreas-maurer","andreas-maurer",""
"https://stats.tennismylife.org/players/andreas-seppi","andreas-seppi",""
"https://stats.tennismylife.org/players/andreas-vinciguerra","andreas-vinciguerra",""
"https://stats.tennismylife.org/players/andrei-cherkasov","andrei-cherkasov",""
"https://stats.tennismylife.org/players/andrei-chesnokov","andrei-chesnokov",""
"https://stats.tennismylife.org/players/andrei-medvedev","andrei-medvedev",""
"https://stats.tennismylife.org/players/andrei-olhovskiy","andrei-olhovskiy",""
"https://stats.tennismylife.org/players/andrei-pavel","andrei-pavel",""
"https://stats.tennismylife.org/players/andres-gimeno","andres-gimeno",""
"https://stats.tennismylife.org/players/andres-gomez","andres-gomez",""
"https://stats.tennismylife.org/players/andrew-ilie","andrew-ilie",""
"https://stats.tennismylife.org/players/andrew-pattison","andrew-pattison",""
"https://stats.tennismylife.org/players/andrey-golubev","andrey-golubev",""
"https://stats.tennismylife.org/players/andrey-rublev","andrey-rublev",""
"https://stats.tennismylife.org/players/andy-murray","andy-murray",""
"https://stats.tennismylife.org/players/andy-roddick","andy-roddick",""
"https://stats.tennismylife.org/players/angel-gimenez","angel-gimenez",""
"https://stats.tennismylife.org/players/antonio-zugarelli","antonio-zugarelli",""
"https://stats.tennismylife.org/players/antony-dupuis","antony-dupuis",""
"https://stats.tennismylife.org/players/arnaud-boetsch","arnaud-boetsch",""
"https://stats.tennismylife.org/players/arnaud-clement","arnaud-clement",""
"https://stats.tennismylife.org/players/arnaud-di-pasquale","arnaud-di-pasquale",""
"https://stats.tennismylife.org/players/arthur-ashe","arthur-ashe",""
"https://stats.tennismylife.org/players/arthur-cazaux","arthur-cazaux",""
"https://stats.tennismylife.org/players/arthur-fery","arthur-fery",""
"https://stats.tennismylife.org/players/arthur-fils","arthur-fils",""
"https://stats.tennismylife.org/players/arthur-gea","arthur-gea",""
"https://stats.tennismylife.org/players/arthur-rinderknech","arthur-rinderknech",""
"https://stats.tennismylife.org/players/aslan-karatsev","aslan-karatsev",""
"https://stats.tennismylife.org/players/august-holmgren","august-holmgren",""
"https://stats.tennismylife.org/players/aziz-dougaz","aziz-dougaz",""
"https://stats.tennismylife.org/players/balazs-taroczy","balazs-taroczy",""
"https://stats.tennismylife.org/players/barry-phillips-moore","barry-phillips-moore",""
"https://stats.tennismylife.org/players/beibit-zhukayev","beibit-zhukayev",""
"https://stats.tennismylife.org/players/ben-shelton","ben-shelton",""
"https://stats.tennismylife.org/players/benjamin-becker","benjamin-becker",""
"https://stats.tennismylife.org/players/benjamin-bonzi","benjamin-bonzi",""
"https://stats.tennismylife.org/players/benjamin-hassan","benjamin-hassan",""
"https://stats.tennismylife.org/players/benoit-paire","benoit-paire",""
"https://stats.tennismylife.org/players/bernard-mitton","bernard-mitton",""
"https://stats.tennismylife.org/players/bernard-tomic","bernard-tomic",""
"https://stats.tennismylife.org/players/bernd-karbacher","bernd-karbacher",""
"https://stats.tennismylife.org/players/bill-bowrey","bill-bowrey",""
"https://stats.tennismylife.org/players/bill-scanlon","bill-scanlon",""
"https://stats.tennismylife.org/players/billy-harris","billy-harris",""
"https://stats.tennismylife.org/players/billy-martin","billy-martin",""
"https://stats.tennismylife.org/players/birger-andersson","birger-andersson",""
"https://stats.tennismylife.org/players/bjorn-borg","bjorn-borg",""
"https://stats.tennismylife.org/players/bob-carmichael","bob-carmichael",""
"https://stats.tennismylife.org/players/bob-giltinan","bob-giltinan",""
"https://stats.tennismylife.org/players/bob-hewitt","bob-hewitt",""
"https://stats.tennismylife.org/players/bohdan-ulihrach","bohdan-ulihrach",""
"https://stats.tennismylife.org/players/boris-becker","boris-becker",""
"https://stats.tennismylife.org/players/borna-coric","borna-coric",""
"https://stats.tennismylife.org/players/borna-gojo","borna-gojo",""
"https://stats.tennismylife.org/players/botic-van-de-zandschulp","botic-van-de-zandschulp",""
"https://stats.tennismylife.org/players/brad-drewett","brad-drewett",""
"https://stats.tennismylife.org/players/brad-gilbert","brad-gilbert",""
"https://stats.tennismylife.org/players/brandon-holt","brandon-holt",""
"https://stats.tennismylife.org/players/brandon-nakashima","brandon-nakashima",""
"https://stats.tennismylife.org/players/branko-djuric","branko-djuric",""
"https://stats.tennismylife.org/players/brian-fairlie","brian-fairlie",""
"https://stats.tennismylife.org/players/brian-gottfried","brian-gottfried",""
"https://stats.tennismylife.org/players/brian-teacher","brian-teacher",""
"https://stats.tennismylife.org/players/bryan-shelton","bryan-shelton",""
"https://stats.tennismylife.org/players/buster-c-mottram","buster-c-mottram",""
"https://stats.tennismylife.org/players/butch-walts","butch-walts",""
"https://stats.tennismylife.org/players/byron-black","byron-black",""
"https://stats.tennismylife.org/players/calvin-hemery","calvin-hemery",""
"https://stats.tennismylife.org/players/cameron-norrie","cameron-norrie",""
"https://stats.tennismylife.org/players/camilo-ugo-carabelli","camilo-ugo-carabelli",""
"https://stats.tennismylife.org/players/carl-uwe-steeb","carl-uwe-steeb",""
"https://stats.tennismylife.org/players/carlos-alcaraz","carlos-alcaraz",""
"https://stats.tennismylife.org/players/carlos-berlocq","carlos-berlocq",""
"https://stats.tennismylife.org/players/carlos-costa","carlos-costa",""
"https://stats.tennismylife.org/players/carlos-kirmayr","carlos-kirmayr",""
"https://stats.tennismylife.org/players/carlos-moya","carlos-moya",""
"https://stats.tennismylife.org/players/carlos-taberner","carlos-taberner",""
"https://stats.tennismylife.org/players/carsten-arriens","carsten-arriens",""
"https://stats.tennismylife.org/players/casper-ruud","casper-ruud",""
"https://stats.tennismylife.org/players/cedric-pioline","cedric-pioline",""
"https://stats.tennismylife.org/players/charlie-pasarell","charlie-pasarell",""
"https://stats.tennismylife.org/players/chip-hooper","chip-hooper",""
"https://stats.tennismylife.org/players/chris-rodesch","chris-rodesch",""
"https://stats.tennismylife.org/players/chris-woodruff","chris-woodruff",""
"https://stats.tennismylife.org/players/christian-kuhnke","christian-kuhnke",""
"https://stats.tennismylife.org/players/christian-miniussi","christian-miniussi",""
"https://stats.tennismylife.org/players/christian-saceanu","christian-saceanu",""
"https://stats.tennismylife.org/players/christo-van-rensburg","christo-van-rensburg",""
"https://stats.tennismylife.org/players/christopher-eubanks","christopher-eubanks",""
"https://stats.tennismylife.org/players/christopher-oconnell","christopher-oconnell",""
"https://stats.tennismylife.org/players/chuck-adams","chuck-adams",""
"https://stats.tennismylife.org/players/chun-hsin-tseng","chun-hsin-tseng",""
"https://stats.tennismylife.org/players/clark-graebner","clark-graebner",""
"https://stats.tennismylife.org/players/claudio-mezzadri","claudio-mezzadri",""
"https://stats.tennismylife.org/players/claudio-panatta","claudio-panatta",""
"https://stats.tennismylife.org/players/claudio-pistolesi","claudio-pistolesi",""
"https://stats.tennismylife.org/players/clement-chidekh","clement-chidekh",""
"https://stats.tennismylife.org/players/clement-tabur","clement-tabur",""
"https://stats.tennismylife.org/players/cliff-drysdale","cliff-drysdale",""
"https://stats.tennismylife.org/players/cliff-richey","cliff-richey",""
"https://stats.tennismylife.org/players/coleman-wong","coleman-wong",""
"https://stats.tennismylife.org/players/colin-dibley","colin-dibley",""
"https://stats.tennismylife.org/players/colin-dowdeswell","colin-dowdeswell",""
"https://stats.tennismylife.org/players/colton-smith","colton-smith",""
"https://stats.tennismylife.org/players/constant-lestienne","constant-lestienne",""
"https://stats.tennismylife.org/players/corentin-denolly","corentin-denolly",""
"https://stats.tennismylife.org/players/corentin-moutet","corentin-moutet",""
"https://stats.tennismylife.org/players/corrado-barazzutti","corrado-barazzutti",""
"https://stats.tennismylife.org/players/cristian-garin","cristian-garin",""
"https://stats.tennismylife.org/players/dalibor-svrcina","dalibor-svrcina",""
"https://stats.tennismylife.org/players/damir-dzumhur","damir-dzumhur",""
"https://stats.tennismylife.org/players/dan-added","dan-added",""
"https://stats.tennismylife.org/players/dan-cassidy","dan-cassidy",""
"https://stats.tennismylife.org/players/dan-goldie","dan-goldie",""
"https://stats.tennismylife.org/players/dan-martin","dan-martin",""
"https://stats.tennismylife.org/players/dane-sweeny","dane-sweeny",""
"https://stats.tennismylife.org/players/daniel-altmaier","daniel-altmaier",""
"https://stats.tennismylife.org/players/daniel-elahi-galan","daniel-elahi-galan",""
"https://stats.tennismylife.org/players/daniel-evans","daniel-evans",""
"https://stats.tennismylife.org/players/daniel-masur","daniel-masur",""
"https://stats.tennismylife.org/players/daniele-bracciali","daniele-bracciali",""
"https://stats.tennismylife.org/players/daniil-medvedev","daniil-medvedev",""
"https://stats.tennismylife.org/players/danny-saltz","danny-saltz",""
"https://stats.tennismylife.org/players/darren-cahill","darren-cahill",""
"https://stats.tennismylife.org/players/darwin-blanch","darwin-blanch",""
"https://stats.tennismylife.org/players/david-ferrer","david-ferrer",""
"https://stats.tennismylife.org/players/david-goffin","david-goffin",""
"https://stats.tennismylife.org/players/david-nalbandian","david-nalbandian",""
"https://stats.tennismylife.org/players/david-pate","david-pate",""
"https://stats.tennismylife.org/players/david-prinosil","david-prinosil",""
"https://stats.tennismylife.org/players/david-sanchez","david-sanchez",""
"https://stats.tennismylife.org/players/david-wheaton","david-wheaton",""
"https://stats.tennismylife.org/players/davide-sanguinetti","davide-sanguinetti",""
"https://stats.tennismylife.org/players/denis-istomin","denis-istomin",""
"https://stats.tennismylife.org/players/denis-shapovalov","denis-shapovalov",""
"https://stats.tennismylife.org/players/dennis-ralston","dennis-ralston",""
"https://stats.tennismylife.org/players/derrick-rostagno","derrick-rostagno",""
"https://stats.tennismylife.org/players/dhakshineswar-suresh","dhakshineswar-suresh",""
"https://stats.tennismylife.org/players/dick-crealy","dick-crealy",""
"https://stats.tennismylife.org/players/dick-stockton","dick-stockton",""
"https://stats.tennismylife.org/players/diego-dedura-palomero","diego-dedura-palomero",""
"https://stats.tennismylife.org/players/diego-perez","diego-perez",""
"https://stats.tennismylife.org/players/diego-schwartzman","diego-schwartzman",""
"https://stats.tennismylife.org/players/dimitri-poliakov","dimitri-poliakov",""
"https://stats.tennismylife.org/players/dino-prizmic","dino-prizmic",""
"https://stats.tennismylife.org/players/dmitry-popko","dmitry-popko",""
"https://stats.tennismylife.org/players/dmitry-tursunov","dmitry-tursunov",""
"https://stats.tennismylife.org/players/dominic-stricker","dominic-stricker",""
"https://stats.tennismylife.org/players/dominic-thiem","dominic-thiem",""
"https://stats.tennismylife.org/players/dominik-hrbaty","dominik-hrbaty",""
"https://stats.tennismylife.org/players/dominik-koepfer","dominik-koepfer",""
"https://stats.tennismylife.org/players/dominique-bedel","dominique-bedel",""
"https://stats.tennismylife.org/players/duje-ajdukovic","duje-ajdukovic",""
"https://stats.tennismylife.org/players/dusan-lajovic","dusan-lajovic",""
"https://stats.tennismylife.org/players/earl-butch-buchholz","earl-butch-buchholz",""
"https://stats.tennismylife.org/players/eddie-dibbs","eddie-dibbs",""
"https://stats.tennismylife.org/players/eddie-edwards","eddie-edwards",""
"https://stats.tennismylife.org/players/elias-ymer","elias-ymer",""
"https://stats.tennismylife.org/players/eliot-spizzirri","eliot-spizzirri",""
"https://stats.tennismylife.org/players/eliot-teltscher","eliot-teltscher",""
"https://stats.tennismylife.org/players/elliot-benchetrit","elliot-benchetrit",""
"https://stats.tennismylife.org/players/elmer-moller","elmer-moller",""
"https://stats.tennismylife.org/players/emil-ruusuvuori","emil-ruusuvuori",""
"https://stats.tennismylife.org/players/emilio-nava","emilio-nava",""
"https://stats.tennismylife.org/players/emilio-sanchez","emilio-sanchez",""
"https://stats.tennismylife.org/players/eric-jelen","eric-jelen",""
"https://stats.tennismylife.org/players/erick-iskersky","erick-iskersky",""
"https://stats.tennismylife.org/players/erik-van-dillen","erik-van-dillen",""
"https://stats.tennismylife.org/players/ernests-gulbis","ernests-gulbis",""
"https://stats.tennismylife.org/players/ethan-quinn","ethan-quinn",""
"https://stats.tennismylife.org/players/fabian-marozsan","fabian-marozsan",""
"https://stats.tennismylife.org/players/fabio-fognini","fabio-fognini",""
"https://stats.tennismylife.org/players/fabrice-santoro","fabrice-santoro",""
"https://stats.tennismylife.org/players/facundo-bagnis","facundo-bagnis",""
"https://stats.tennismylife.org/players/facundo-diaz-acosta","facundo-diaz-acosta",""
"https://stats.tennismylife.org/players/fajing-sun","fajing-sun",""
"https://stats.tennismylife.org/players/federico-agustin-gomez","federico-agustin-gomez",""
"https://stats.tennismylife.org/players/federico-cina","federico-cina",""
"https://stats.tennismylife.org/players/federico-coria","federico-coria",""
"https://stats.tennismylife.org/players/federico-delbonis","federico-delbonis",""
"https://stats.tennismylife.org/players/feliciano-lopez","feliciano-lopez",""
"https://stats.tennismylife.org/players/felipe-meligeni-alves","felipe-meligeni-alves",""
"https://stats.tennismylife.org/players/felix-auger-aliassime","felix-auger-aliassime",""
"https://stats.tennismylife.org/players/felix-mantilla","felix-mantilla",""
"https://stats.tennismylife.org/players/fernando-gonzalez","fernando-gonzalez",""
"https://stats.tennismylife.org/players/fernando-meligeni","fernando-meligeni",""
"https://stats.tennismylife.org/players/fernando-verdasco","fernando-verdasco",""
"https://stats.tennismylife.org/players/fernando-vicente","fernando-vicente",""
"https://stats.tennismylife.org/players/filip-cristian-jianu","filip-cristian-jianu",""
"https://stats.tennismylife.org/players/filip-dewulf","filip-dewulf",""
"https://stats.tennismylife.org/players/filip-misolic","filip-misolic",""
"https://stats.tennismylife.org/players/filippo-volandri","filippo-volandri",""
"https://stats.tennismylife.org/players/flavio-cobolli","flavio-cobolli",""
"https://stats.tennismylife.org/players/florent-serra","florent-serra",""
"https://stats.tennismylife.org/players/florian-mayer","florian-mayer",""
"https://stats.tennismylife.org/players/frances-tiafoe","frances-tiafoe",""
"https://stats.tennismylife.org/players/francesco-cancellotti","francesco-cancellotti",""
"https://stats.tennismylife.org/players/francesco-maestrelli","francesco-maestrelli",""
"https://stats.tennismylife.org/players/francesco-passaro","francesco-passaro",""
"https://stats.tennismylife.org/players/francisco-cerundolo","francisco-cerundolo",""
"https://stats.tennismylife.org/players/francisco-clavet","francisco-clavet",""
"https://stats.tennismylife.org/players/francisco-comesana","francisco-comesana",""
"https://stats.tennismylife.org/players/franco-davin","franco-davin",""
"https://stats.tennismylife.org/players/franco-squillari","franco-squillari",""
"https://stats.tennismylife.org/players/francois-jauffret","francois-jauffret",""
"https://stats.tennismylife.org/players/fred-stolle","fred-stolle",""
"https://stats.tennismylife.org/players/frederic-fontang","frederic-fontang",""
"https://stats.tennismylife.org/players/frew-mcmillan","frew-mcmillan",""
"https://stats.tennismylife.org/players/fritz-buehning","fritz-buehning",""
"https://stats.tennismylife.org/players/gabriel-diallo","gabriel-diallo",""
"https://stats.tennismylife.org/players/gabriel-markus","gabriel-markus",""
"https://stats.tennismylife.org/players/gael-monfils","gael-monfils",""
"https://stats.tennismylife.org/players/galo-blanco","galo-blanco",""
"https://stats.tennismylife.org/players/gaston-gaudio","gaston-gaudio",""
"https://stats.tennismylife.org/players/gauthier-onclin","gauthier-onclin",""
"https://stats.tennismylife.org/players/gene-mayer","gene-mayer",""
"https://stats.tennismylife.org/players/geoff-masters","geoff-masters",""
"https://stats.tennismylife.org/players/george-loffhagen","george-loffhagen",""
"https://stats.tennismylife.org/players/georges-goven","georges-goven",""
"https://stats.tennismylife.org/players/gerald-battrick","gerald-battrick",""
"https://stats.tennismylife.org/players/gianluca-pozzi","gianluca-pozzi",""
"https://stats.tennismylife.org/players/gianni-ocleppo","gianni-ocleppo",""
"https://stats.tennismylife.org/players/gilbert-schaller","gilbert-schaller",""
"https://stats.tennismylife.org/players/gilles-arnaud-bailly","gilles-arnaud-bailly",""
"https://stats.tennismylife.org/players/gilles-muller","gilles-muller",""
"https://stats.tennismylife.org/players/gilles-simon","gilles-simon",""
"https://stats.tennismylife.org/players/giovanni-mpetshi-perricard","giovanni-mpetshi-perricard",""
"https://stats.tennismylife.org/players/giulio-zeppieri","giulio-zeppieri",""
"https://stats.tennismylife.org/players/goran-ivanisevic","goran-ivanisevic",""
"https://stats.tennismylife.org/players/goran-prpic","goran-prpic",""
"https://stats.tennismylife.org/players/govind-nanda","govind-nanda",""
"https://stats.tennismylife.org/players/greg-rusedski","greg-rusedski",""
"https://stats.tennismylife.org/players/gregoire-barrere","gregoire-barrere",""
"https://stats.tennismylife.org/players/grigor-dimitrov","grigor-dimitrov",""
"https://stats.tennismylife.org/players/guido-pella","guido-pella",""
"https://stats.tennismylife.org/players/guillaume-raoux","guillaume-raoux",""
"https://stats.tennismylife.org/players/guillermo-canas","guillermo-canas",""
"https://stats.tennismylife.org/players/guillermo-coria","guillermo-coria",""
"https://stats.tennismylife.org/players/guillermo-garcia-lopez","guillermo-garcia-lopez",""
"https://stats.tennismylife.org/players/guillermo-perez-roldan","guillermo-perez-roldan",""
"https://stats.tennismylife.org/players/guillermo-vilas","guillermo-vilas",""
"https://stats.tennismylife.org/players/gustavo-heide","gustavo-heide",""
"https://stats.tennismylife.org/players/gustavo-kuerten","gustavo-kuerten",""
"https://stats.tennismylife.org/players/guy-forget","guy-forget",""
"https://stats.tennismylife.org/players/hady-habib","hady-habib",""
"https://stats.tennismylife.org/players/hamad-medjedovic","hamad-medjedovic",""
"https://stats.tennismylife.org/players/hans-gildemeister","hans-gildemeister",""
"https://stats.tennismylife.org/players/hans-jurgen-pohmann","hans-jurgen-pohmann",""
"https://stats.tennismylife.org/players/hans-kary","hans-kary",""
"https://stats.tennismylife.org/players/harold-mayot","harold-mayot",""
"https://stats.tennismylife.org/players/harold-solomon","harold-solomon",""
"https://stats.tennismylife.org/players/haroon-rahim","haroon-rahim",""
"https://stats.tennismylife.org/players/heinz-gunthardt","heinz-gunthardt",""
"https://stats.tennismylife.org/players/henri-leconte","henri-leconte",""
"https://stats.tennismylife.org/players/henrik-holm","henrik-holm",""
"https://stats.tennismylife.org/players/henrik-sundstrom","henrik-sundstrom",""
"https://stats.tennismylife.org/players/henrique-rocha","henrique-rocha",""
"https://stats.tennismylife.org/players/henry-bernet","henry-bernet",""
"https://stats.tennismylife.org/players/henry-pfister","henry-pfister",""
"https://stats.tennismylife.org/players/henry-searle","henry-searle",""
"https://stats.tennismylife.org/players/hernan-gumy","hernan-gumy",""
"https://stats.tennismylife.org/players/hicham-arazi","hicham-arazi",""
"https://stats.tennismylife.org/players/holger-rune","holger-rune",""
"https://stats.tennismylife.org/players/horacio-de-la-pena","horacio-de-la-pena",""
"https://stats.tennismylife.org/players/horacio-zeballos","horacio-zeballos",""
"https://stats.tennismylife.org/players/horst-skoff","horst-skoff",""
"https://stats.tennismylife.org/players/howard-schoenfield","howard-schoenfield",""
"https://stats.tennismylife.org/players/hubert-hurkacz","hubert-hurkacz",""
"https://stats.tennismylife.org/players/hugo-dellien","hugo-dellien",""
"https://stats.tennismylife.org/players/hugo-gaston","hugo-gaston",""
"https://stats.tennismylife.org/players/hugo-grenier","hugo-grenier",""
"https://stats.tennismylife.org/players/hyeon-chung","hyeon-chung",""
"https://stats.tennismylife.org/players/hyung-taik-lee","hyung-taik-lee",""
"https://stats.tennismylife.org/players/ignacio-buse","ignacio-buse",""
"https://stats.tennismylife.org/players/igor-andreev","igor-andreev",""
"https://stats.tennismylife.org/players/igor-kunitsyn","igor-kunitsyn",""
"https://stats.tennismylife.org/players/ilie-nastase","ilie-nastase",""
"https://stats.tennismylife.org/players/ilya-ivashka","ilya-ivashka",""
"https://stats.tennismylife.org/players/ion-tiriac","ion-tiriac",""
"https://stats.tennismylife.org/players/isaac-becroft","isaac-becroft",""
"https://stats.tennismylife.org/players/ismail-el-shafei","ismail-el-shafei",""
"https://stats.tennismylife.org/players/ivan-dodig","ivan-dodig",""
"https://stats.tennismylife.org/players/ivan-gakhov","ivan-gakhov",""
"https://stats.tennismylife.org/players/ivan-ivanov","ivan-ivanov",""
"https://stats.tennismylife.org/players/ivan-lendl","ivan-lendl",""
"https://stats.tennismylife.org/players/ivan-ljubicic","ivan-ljubicic",""
"https://stats.tennismylife.org/players/ivo-karlovic","ivo-karlovic",""
"https://stats.tennismylife.org/players/jacco-eltingh","jacco-eltingh",""
"https://stats.tennismylife.org/players/jack-draper","jack-draper",""
"https://stats.tennismylife.org/players/jack-pinnington-jones","jack-pinnington-jones",""
"https://stats.tennismylife.org/players/jack-sock","jack-sock",""
"https://stats.tennismylife.org/players/jacob-fearnley","jacob-fearnley",""
"https://stats.tennismylife.org/players/jaime-faria","jaime-faria",""
"https://stats.tennismylife.org/players/jaime-fillol-sr","jaime-fillol-sr",""
"https://stats.tennismylife.org/players/jaime-oncins","jaime-oncins",""
"https://stats.tennismylife.org/players/jaime-yzaga","jaime-yzaga",""
"https://stats.tennismylife.org/players/jakob-hlasek","jakob-hlasek",""
"https://stats.tennismylife.org/players/jakub-mensik","jakub-mensik",""
"https://stats.tennismylife.org/players/james-blake","james-blake",""
"https://stats.tennismylife.org/players/james-duckworth","james-duckworth",""
"https://stats.tennismylife.org/players/james-mccabe","james-mccabe",""
"https://stats.tennismylife.org/players/james-trotter","james-trotter",""
"https://stats.tennismylife.org/players/jan-choinski","jan-choinski",""
"https://stats.tennismylife.org/players/jan-gunnarsson","jan-gunnarsson",""
"https://stats.tennismylife.org/players/jan-kodes","jan-kodes",""
"https://stats.tennismylife.org/players/jan-kroslak","jan-kroslak",""
"https://stats.tennismylife.org/players/jan-lennard-struff","jan-lennard-struff",""
"https://stats.tennismylife.org/players/jan-leschly","jan-leschly",""
"https://stats.tennismylife.org/players/jan-michael-gambill","jan-michael-gambill",""
"https://stats.tennismylife.org/players/jan-norback","jan-norback",""
"https://stats.tennismylife.org/players/jan-siemerink","jan-siemerink",""
"https://stats.tennismylife.org/players/jan-vacek","jan-vacek",""
"https://stats.tennismylife.org/players/janko-tipsarevic","janko-tipsarevic",""
"https://stats.tennismylife.org/players/jannik-sinner","jannik-sinner",""
"https://stats.tennismylife.org/players/jared-palmer","jared-palmer",""
"https://stats.tennismylife.org/players/jarkko-nieminen","jarkko-nieminen",""
"https://stats.tennismylife.org/players/jason-kubler","jason-kubler",""
"https://stats.tennismylife.org/players/jason-stoltenberg","jason-stoltenberg",""
"https://stats.tennismylife.org/players/jaume-munar","jaume-munar",""
"https://stats.tennismylife.org/players/javier-frana","javier-frana",""
"https://stats.tennismylife.org/players/javier-sanchez","javier-sanchez",""
"https://stats.tennismylife.org/players/jay-berger","jay-berger",""
"https://stats.tennismylife.org/players/jay-clarke","jay-clarke",""
"https://stats.tennismylife.org/players/jay-lapidus","jay-lapidus",""
"https://stats.tennismylife.org/players/jeff-austin","jeff-austin",""
"https://stats.tennismylife.org/players/jeff-borowiak","jeff-borowiak",""
"https://stats.tennismylife.org/players/jeff-tarango","jeff-tarango",""
"https://stats.tennismylife.org/players/jenson-brooksby","jenson-brooksby",""
"https://stats.tennismylife.org/players/jeremy-bates","jeremy-bates",""
"https://stats.tennismylife.org/players/jeremy-chardy","jeremy-chardy",""
"https://stats.tennismylife.org/players/jerome-golmard","jerome-golmard",""
"https://stats.tennismylife.org/players/jerome-haehnel","jerome-haehnel",""
"https://stats.tennismylife.org/players/jerome-kym","jerome-kym",""
"https://stats.tennismylife.org/players/jerzy-janowicz","jerzy-janowicz",""
"https://stats.tennismylife.org/players/jesper-de-jong","jesper-de-jong",""
"https://stats.tennismylife.org/players/jim-courier","jim-courier",""
"https://stats.tennismylife.org/players/jim-grabb","jim-grabb",""
"https://stats.tennismylife.org/players/jim-pugh","jim-pugh",""
"https://stats.tennismylife.org/players/jimmy-arias","jimmy-arias",""
"https://stats.tennismylife.org/players/jimmy-connors","jimmy-connors",""
"https://stats.tennismylife.org/players/jiri-hrebec","jiri-hrebec",""
"https://stats.tennismylife.org/players/jiri-lehecka","jiri-lehecka",""
"https://stats.tennismylife.org/players/jiri-novak","jiri-novak",""
"https://stats.tennismylife.org/players/jiri-vesely","jiri-vesely",""
"https://stats.tennismylife.org/players/jo-wilfried-tsonga","jo-wilfried-tsonga",""
"https://stats.tennismylife.org/players/joachim-johansson","joachim-johansson",""
"https://stats.tennismylife.org/players/joakim-nystrom","joakim-nystrom",""
"https://stats.tennismylife.org/players/joao-fonseca","joao-fonseca",""
"https://stats.tennismylife.org/players/joao-sousa","joao-sousa",""
"https://stats.tennismylife.org/players/joel-schwaerzler","joel-schwaerzler",""
"https://stats.tennismylife.org/players/johan-kriek","johan-kriek",""
"https://stats.tennismylife.org/players/johannus-monday","johannus-monday",""
"https://stats.tennismylife.org/players/john-alexander","john-alexander",""
"https://stats.tennismylife.org/players/john-cooper","john-cooper",""
"https://stats.tennismylife.org/players/john-fitzgerald","john-fitzgerald",""
"https://stats.tennismylife.org/players/john-isner","john-isner",""
"https://stats.tennismylife.org/players/john-lloyd","john-lloyd",""
"https://stats.tennismylife.org/players/john-mcenroe","john-mcenroe",""
"https://stats.tennismylife.org/players/john-millman","john-millman",""
"https://stats.tennismylife.org/players/john-newcombe","john-newcombe",""
"https://stats.tennismylife.org/players/john-sadri","john-sadri",""
"https://stats.tennismylife.org/players/jonas-bjorkman","jonas-bjorkman",""
"https://stats.tennismylife.org/players/jonas-svensson","jonas-svensson",""
"https://stats.tennismylife.org/players/jonathan-canter","jonathan-canter",""
"https://stats.tennismylife.org/players/jonathan-stark","jonathan-stark",""
"https://stats.tennismylife.org/players/jordan-thompson","jordan-thompson",""
"https://stats.tennismylife.org/players/jordi-arrese","jordi-arrese",""
"https://stats.tennismylife.org/players/jordi-burillo","jordi-burillo",""
"https://stats.tennismylife.org/players/jose-acasuso","jose-acasuso",""
"https://stats.tennismylife.org/players/jose-francisco-altur","jose-francisco-altur",""
"https://stats.tennismylife.org/players/jose-higueras","jose-higueras",""
"https://stats.tennismylife.org/players/jose-luis-clerc","jose-luis-clerc",""
"https://stats.tennismylife.org/players/juan-aguilera","juan-aguilera",""
"https://stats.tennismylife.org/players/juan-antonio-marin","juan-antonio-marin",""
"https://stats.tennismylife.org/players/juan-balcells","juan-balcells",""
"https://stats.tennismylife.org/players/juan-carlos-ferrero","juan-carlos-ferrero",""
"https://stats.tennismylife.org/players/juan-gisbert-sr","juan-gisbert-sr",""
"https://stats.tennismylife.org/players/juan-ignacio-chela","juan-ignacio-chela",""
"https://stats.tennismylife.org/players/juan-ignacio-londero","juan-ignacio-londero",""
"https://stats.tennismylife.org/players/juan-manuel-cerundolo","juan-manuel-cerundolo",""
"https://stats.tennismylife.org/players/juan-martin-del-potro","juan-martin-del-potro",""
"https://stats.tennismylife.org/players/juan-monaco","juan-monaco",""
"https://stats.tennismylife.org/players/juan-pablo-ficovich","juan-pablo-ficovich",""
"https://stats.tennismylife.org/players/julian-alonso","julian-alonso",""
"https://stats.tennismylife.org/players/julien-boutter","julien-boutter",""
"https://stats.tennismylife.org/players/juncheng-shang","juncheng-shang",""
"https://stats.tennismylife.org/players/jurgen-fassbender","jurgen-fassbender",""
"https://stats.tennismylife.org/players/jurgen-melzer","jurgen-melzer",""
"https://stats.tennismylife.org/players/jurij-rodionov","jurij-rodionov",""
"https://stats.tennismylife.org/players/justin-engel","justin-engel",""
"https://stats.tennismylife.org/players/kamil-majchrzak","kamil-majchrzak",""
"https://stats.tennismylife.org/players/karel-novacek","karel-novacek",""
"https://stats.tennismylife.org/players/karen-khachanov","karen-khachanov",""
"https://stats.tennismylife.org/players/karim-alami","karim-alami",""
"https://stats.tennismylife.org/players/karl-meiler","karl-meiler",""
"https://stats.tennismylife.org/players/karol-kucera","karol-kucera",""
"https://stats.tennismylife.org/players/karue-sell","karue-sell",""
"https://stats.tennismylife.org/players/kasidit-samrej","kasidit-samrej",""
"https://stats.tennismylife.org/players/kei-nishikori","kei-nishikori",""
"https://stats.tennismylife.org/players/kelly-evernden","kelly-evernden",""
"https://stats.tennismylife.org/players/kelly-jones","kelly-jones",""
"https://stats.tennismylife.org/players/ken-fletcher","ken-fletcher",""
"https://stats.tennismylife.org/players/ken-rosewall","ken-rosewall",""
"https://stats.tennismylife.org/players/kenneth-carlsen","kenneth-carlsen",""
"https://stats.tennismylife.org/players/kent-carlsson","kent-carlsson",""
"https://stats.tennismylife.org/players/kevin-anderson","kevin-anderson",""
"https://stats.tennismylife.org/players/kevin-curren","kevin-curren",""
"https://stats.tennismylife.org/players/kim-warwick","kim-warwick",""
"https://stats.tennismylife.org/players/kjell-johansson","kjell-johansson",""
"https://stats.tennismylife.org/players/kyle-edmund","kyle-edmund",""
"https://stats.tennismylife.org/players/kyrian-jacquet","kyrian-jacquet",""
"https://stats.tennismylife.org/players/larry-stefanki","larry-stefanki",""
"https://stats.tennismylife.org/players/lars-burgsmuller","lars-burgsmuller",""
"https://stats.tennismylife.org/players/laslo-djere","laslo-djere",""
"https://stats.tennismylife.org/players/leander-paes","leander-paes",""
"https://stats.tennismylife.org/players/leandro-riedi","leandro-riedi",""
"https://stats.tennismylife.org/players/learner-tien","learner-tien",""
"https://stats.tennismylife.org/players/leo-borg","leo-borg",""
"https://stats.tennismylife.org/players/leonardo-lavalle","leonardo-lavalle",""
"https://stats.tennismylife.org/players/leonardo-mayer","leonardo-mayer",""
"https://stats.tennismylife.org/players/li-tu","li-tu",""
"https://stats.tennismylife.org/players/liam-draxl","liam-draxl",""
"https://stats.tennismylife.org/players/libor-pimek","libor-pimek",""
"https://stats.tennismylife.org/players/lleyton-hewitt","lleyton-hewitt",""
"https://stats.tennismylife.org/players/lloyd-harris","lloyd-harris",""
"https://stats.tennismylife.org/players/lorenzo-musetti","lorenzo-musetti",""
"https://stats.tennismylife.org/players/lorenzo-sonego","lorenzo-sonego",""
"https://stats.tennismylife.org/players/luca-nardi","luca-nardi",""
"https://stats.tennismylife.org/players/luca-van-assche","luca-van-assche",""
"https://stats.tennismylife.org/players/lucas-pouille","lucas-pouille",""
"https://stats.tennismylife.org/players/luciano-darderi","luciano-darderi",""
"https://stats.tennismylife.org/players/luis-carlos-alvarez","luis-carlos-alvarez",""
"https://stats.tennismylife.org/players/luis-horna","luis-horna",""
"https://stats.tennismylife.org/players/luiz-mattar","luiz-mattar",""
"https://stats.tennismylife.org/players/lukas-klein","lukas-klein",""
"https://stats.tennismylife.org/players/lukas-neumayer","lukas-neumayer",""
"https://stats.tennismylife.org/players/lukas-rosol","lukas-rosol",""
"https://stats.tennismylife.org/players/mackenzie-mcdonald","mackenzie-mcdonald",""
"https://stats.tennismylife.org/players/magnus-gustafsson","magnus-gustafsson",""
"https://stats.tennismylife.org/players/magnus-larsson","magnus-larsson",""
"https://stats.tennismylife.org/players/magnus-norman","magnus-norman",""
"https://stats.tennismylife.org/players/mal-anderson","mal-anderson",""
"https://stats.tennismylife.org/players/malivai-washington","malivai-washington",""
"https://stats.tennismylife.org/players/manuel-guinard","manuel-guinard",""
"https://stats.tennismylife.org/players/manuel-orantes","manuel-orantes",""
"https://stats.tennismylife.org/players/manuel-santana","manuel-santana",""
"https://stats.tennismylife.org/players/marat-safin","marat-safin",""
"https://stats.tennismylife.org/players/marc-andrea-huesler","marc-andrea-huesler",""
"https://stats.tennismylife.org/players/marc-kevin-goellner","marc-kevin-goellner",""
"https://stats.tennismylife.org/players/marc-rosset","marc-rosset",""
"https://stats.tennismylife.org/players/marcel-granollers","marcel-granollers",""
"https://stats.tennismylife.org/players/marcelo-filippini","marcelo-filippini",""
"https://stats.tennismylife.org/players/marcelo-rios","marcelo-rios",""
"https://stats.tennismylife.org/players/marco-cecchinato","marco-cecchinato",""
"https://stats.tennismylife.org/players/marco-trungelliti","marco-trungelliti",""
"https://stats.tennismylife.org/players/marcos-baghdatis","marcos-baghdatis",""
"https://stats.tennismylife.org/players/marcos-giron","marcos-giron",""
"https://stats.tennismylife.org/players/mardy-fish","mardy-fish",""
"https://stats.tennismylife.org/players/marian-vajda","marian-vajda",""
"https://stats.tennismylife.org/players/mariano-navone","mariano-navone",""
"https://stats.tennismylife.org/players/mariano-puerta","mariano-puerta",""
"https://stats.tennismylife.org/players/mariano-zabaleta","mariano-zabaleta",""
"https://stats.tennismylife.org/players/marin-cilic","marin-cilic",""
"https://stats.tennismylife.org/players/mario-ancic","mario-ancic",""
"https://stats.tennismylife.org/players/mario-martinez","mario-martinez",""
"https://stats.tennismylife.org/players/mark-cox","mark-cox",""
"https://stats.tennismylife.org/players/mark-dickson","mark-dickson",""
"https://stats.tennismylife.org/players/mark-edmondson","mark-edmondson",""
"https://stats.tennismylife.org/players/mark-koevermans","mark-koevermans",""
"https://stats.tennismylife.org/players/mark-lajal","mark-lajal",""
"https://stats.tennismylife.org/players/mark-philippoussis","mark-philippoussis",""
"https://stats.tennismylife.org/players/mark-vines","mark-vines",""
"https://stats.tennismylife.org/players/mark-woodforde","mark-woodforde",""
"https://stats.tennismylife.org/players/marko-ostoja","marko-ostoja",""
"https://stats.tennismylife.org/players/marko-topo","marko-topo",""
"https://stats.tennismylife.org/players/markus-zoecke","markus-zoecke",""
"https://stats.tennismylife.org/players/martin-damm","martin-damm",""
"https://stats.tennismylife.org/players/martin-jaite","martin-jaite",""
"https://stats.tennismylife.org/players/martin-klizan","martin-klizan",""
"https://stats.tennismylife.org/players/martin-landaluce","martin-landaluce",""
"https://stats.tennismylife.org/players/martin-mulligan","martin-mulligan",""
"https://stats.tennismylife.org/players/martin-sinner","martin-sinner",""
"https://stats.tennismylife.org/players/martin-verkerk","martin-verkerk",""
"https://stats.tennismylife.org/players/marton-fucsovics","marton-fucsovics",""
"https://stats.tennismylife.org/players/marty-davis","marty-davis",""
"https://stats.tennismylife.org/players/marty-riessen","marty-riessen",""
"https://stats.tennismylife.org/players/massimiliano-narducci","massimiliano-narducci",""
"https://stats.tennismylife.org/players/matej-dodig","matej-dodig",""
"https://stats.tennismylife.org/players/mats-wilander","mats-wilander",""
"https://stats.tennismylife.org/players/matt-anger","matt-anger",""
"https://stats.tennismylife.org/players/matt-doyle","matt-doyle",""
"https://stats.tennismylife.org/players/matt-mitchell","matt-mitchell",""
"https://stats.tennismylife.org/players/matteo-arnaldi","matteo-arnaldi",""
"https://stats.tennismylife.org/players/matteo-berrettini","matteo-berrettini",""
"https://stats.tennismylife.org/players/matteo-gigante","matteo-gigante",""
"https://stats.tennismylife.org/players/mattia-bellucci","mattia-bellucci",""
"https://stats.tennismylife.org/players/mauricio-hadad","mauricio-hadad",""
"https://stats.tennismylife.org/players/max-mirnyi","max-mirnyi",""
"https://stats.tennismylife.org/players/maxime-cressy","maxime-cressy",""
"https://stats.tennismylife.org/players/maximilian-marterer","maximilian-marterer",""
"https://stats.tennismylife.org/players/mees-rottgering","mees-rottgering",""
"https://stats.tennismylife.org/players/mel-purcell","mel-purcell",""
"https://stats.tennismylife.org/players/michael-chang","michael-chang",""
"https://stats.tennismylife.org/players/michael-llodra","michael-llodra",""
"https://stats.tennismylife.org/players/michael-mmoh","michael-mmoh",""
"https://stats.tennismylife.org/players/michael-stich","michael-stich",""
"https://stats.tennismylife.org/players/michal-tabara","michal-tabara",""
"https://stats.tennismylife.org/players/mikael-pernfors","mikael-pernfors",""
"https://stats.tennismylife.org/players/mikael-tillstrom","mikael-tillstrom",""
"https://stats.tennismylife.org/players/mikael-ymer","mikael-ymer",""
"https://stats.tennismylife.org/players/mike-bauer","mike-bauer",""
"https://stats.tennismylife.org/players/mike-belkin","mike-belkin",""
"https://stats.tennismylife.org/players/mike-estep","mike-estep",""
"https://stats.tennismylife.org/players/mikhail-kukushkin","mikhail-kukushkin",""
"https://stats.tennismylife.org/players/mikhail-youzhny","mikhail-youzhny",""
"https://stats.tennismylife.org/players/milan-holecek","milan-holecek",""
"https://stats.tennismylife.org/players/milan-srejber","milan-srejber",""
"https://stats.tennismylife.org/players/mili-poljicak","mili-poljicak",""
"https://stats.tennismylife.org/players/milos-raonic","milos-raonic",""
"https://stats.tennismylife.org/players/miomir-kecmanovic","miomir-kecmanovic",""
"https://stats.tennismylife.org/players/mirza-basic","mirza-basic",""
"https://stats.tennismylife.org/players/mischa-zverev","mischa-zverev",""
"https://stats.tennismylife.org/players/mitchell-krueger","mitchell-krueger",""
"https://stats.tennismylife.org/players/moez-echargui","moez-echargui",""
"https://stats.tennismylife.org/players/murphy-cassone","murphy-cassone",""
"https://stats.tennismylife.org/players/nduka-odizor","nduka-odizor",""
"https://stats.tennismylife.org/players/neville-godwin","neville-godwin",""
"https://stats.tennismylife.org/players/nick-kyrgios","nick-kyrgios",""
"https://stats.tennismylife.org/players/nick-saviano","nick-saviano",""
"https://stats.tennismylife.org/players/nicklas-kulti","nicklas-kulti",""
"https://stats.tennismylife.org/players/niclas-kroon","niclas-kroon",""
"https://stats.tennismylife.org/players/nicola-pietrangeli","nicola-pietrangeli",""
"https://stats.tennismylife.org/players/nicolai-budkov-kjaer","nicolai-budkov-kjaer",""
"https://stats.tennismylife.org/players/nicolas-almagro","nicolas-almagro",""
"https://stats.tennismylife.org/players/nicolas-arseneault","nicolas-arseneault",""
"https://stats.tennismylife.org/players/nicolas-escude","nicolas-escude",""
"https://stats.tennismylife.org/players/nicolas-jarry","nicolas-jarry",""
"https://stats.tennismylife.org/players/nicolas-kiefer","nicolas-kiefer",""
"https://stats.tennismylife.org/players/nicolas-lapentti","nicolas-lapentti",""
"https://stats.tennismylife.org/players/nicolas-mahut","nicolas-mahut",""
"https://stats.tennismylife.org/players/nicolas-massu","nicolas-massu",""
"https://stats.tennismylife.org/players/nicolas-mejia","nicolas-mejia",""
"https://stats.tennismylife.org/players/nicolas-moreno-de-alboran","nicolas-moreno-de-alboran",""
"https://stats.tennismylife.org/players/nicolas-pereira","nicolas-pereira",""
"https://stats.tennismylife.org/players/nikola-pilic","nikola-pilic",""
"https://stats.tennismylife.org/players/nikolay-davydenko","nikolay-davydenko",""
"https://stats.tennismylife.org/players/nikoloz-basilashvili","nikoloz-basilashvili",""
"https://stats.tennismylife.org/players/nishesh-basavareddy","nishesh-basavareddy",""
"https://stats.tennismylife.org/players/norbert-gombos","norbert-gombos",""
"https://stats.tennismylife.org/players/novak-djokovic","novak-djokovic",""
"https://stats.tennismylife.org/players/nuno-borges","nuno-borges",""
"https://stats.tennismylife.org/players/oliver-crawford","oliver-crawford",""
"https://stats.tennismylife.org/players/oliver-tarvet","oliver-tarvet",""
"https://stats.tennismylife.org/players/olivier-rochus","olivier-rochus",""
"https://stats.tennismylife.org/players/omar-camporese","omar-camporese",""
"https://stats.tennismylife.org/players/omar-jasika","omar-jasika",""
"https://stats.tennismylife.org/players/onny-parun","onny-parun",""
"https://stats.tennismylife.org/players/otto-virtanen","otto-virtanen",""
"https://stats.tennismylife.org/players/ove-nils-bengtson","ove-nils-bengtson",""
"https://stats.tennismylife.org/players/pablo-andujar","pablo-andujar",""
"https://stats.tennismylife.org/players/pablo-arraya","pablo-arraya",""
"https://stats.tennismylife.org/players/pablo-carreno-busta","pablo-carreno-busta",""
"https://stats.tennismylife.org/players/pablo-cuevas","pablo-cuevas",""
"https://stats.tennismylife.org/players/pablo-llamas-ruiz","pablo-llamas-ruiz",""
"https://stats.tennismylife.org/players/pancho-jf-guzman","pancho-jf-guzman",""
"https://stats.tennismylife.org/players/paolo-bertolucci","paolo-bertolucci",""
"https://stats.tennismylife.org/players/paolo-cane","paolo-cane",""
"https://stats.tennismylife.org/players/paolo-lorenzi","paolo-lorenzi",""
"https://stats.tennismylife.org/players/paradorn-srichaphan","paradorn-srichaphan",""
"https://stats.tennismylife.org/players/pat-cash","pat-cash",""
"https://stats.tennismylife.org/players/pat-dupre","pat-dupre",""
"https://stats.tennismylife.org/players/patrick-baur","patrick-baur",""
"https://stats.tennismylife.org/players/patrick-kypson","patrick-kypson",""
"https://stats.tennismylife.org/players/patrick-mcenroe","patrick-mcenroe",""
"https://stats.tennismylife.org/players/patrick-proisy","patrick-proisy",""
"https://stats.tennismylife.org/players/patrick-rafter","patrick-rafter",""
"https://stats.tennismylife.org/players/patrick-zahraj","patrick-zahraj",""
"https://stats.tennismylife.org/players/paul-annacone","paul-annacone",""
"https://stats.tennismylife.org/players/paul-haarhuis","paul-haarhuis",""
"https://stats.tennismylife.org/players/paul-henri-mathieu","paul-henri-mathieu",""
"https://stats.tennismylife.org/players/paul-mcnamee","paul-mcnamee",""
"https://stats.tennismylife.org/players/pavel-kotov","pavel-kotov",""
"https://stats.tennismylife.org/players/pavel-slozil","pavel-slozil",""
"https://stats.tennismylife.org/players/pedro-cachin","pedro-cachin",""
"https://stats.tennismylife.org/players/pedro-martinez","pedro-martinez",""
"https://stats.tennismylife.org/players/pedro-rebolledo","pedro-rebolledo",""
"https://stats.tennismylife.org/players/per-hjertquist","per-hjertquist",""
"https://stats.tennismylife.org/players/pete-sampras","pete-sampras",""
"https://stats.tennismylife.org/players/peter-doohan","peter-doohan",""
"https://stats.tennismylife.org/players/peter-feigl","peter-feigl",""
"https://stats.tennismylife.org/players/peter-fleming","peter-fleming",""
"https://stats.tennismylife.org/players/peter-gojowczyk","peter-gojowczyk",""
"https://stats.tennismylife.org/players/peter-lundgren","peter-lundgren",""
"https://stats.tennismylife.org/players/peter-mcnamara","peter-mcnamara",""
"https://stats.tennismylife.org/players/peter-wessels","peter-wessels",""
"https://stats.tennismylife.org/players/petr-korda","petr-korda",""
"https://stats.tennismylife.org/players/phil-dent","phil-dent",""
"https://stats.tennismylife.org/players/philipp-kohlschreiber","philipp-kohlschreiber",""
"https://stats.tennismylife.org/players/philipp-petzschner","philipp-petzschner",""
"https://stats.tennismylife.org/players/pierre-hugues-herbert","pierre-hugues-herbert",""
"https://stats.tennismylife.org/players/pieter-aldrich","pieter-aldrich",""
"https://stats.tennismylife.org/players/quentin-halys","quentin-halys",""
"https://stats.tennismylife.org/players/radek-stepanek","radek-stepanek",""
"https://stats.tennismylife.org/players/radu-albot","radu-albot",""
"https://stats.tennismylife.org/players/rafael-jodar","rafael-jodar",""
"https://stats.tennismylife.org/players/rafael-nadal","rafael-nadal",""
"https://stats.tennismylife.org/players/rafael-osuna","rafael-osuna",""
"https://stats.tennismylife.org/players/rainer-schuettler","rainer-schuettler",""
"https://stats.tennismylife.org/players/rajeev-ram","rajeev-ram",""
"https://stats.tennismylife.org/players/ramanathan-krishnan","ramanathan-krishnan",""
"https://stats.tennismylife.org/players/ramesh-krishnan","ramesh-krishnan",""
"https://stats.tennismylife.org/players/raphael-collignon","raphael-collignon",""
"https://stats.tennismylife.org/players/raul-ramirez","raul-ramirez",""
"https://stats.tennismylife.org/players/ray-ruffels","ray-ruffels",""
"https://stats.tennismylife.org/players/raymond-moore","raymond-moore",""
"https://stats.tennismylife.org/players/rei-sakamoto","rei-sakamoto",""
"https://stats.tennismylife.org/players/reilly-opelka","reilly-opelka",""
"https://stats.tennismylife.org/players/remy-bertola","remy-bertola",""
"https://stats.tennismylife.org/players/renzo-furlan","renzo-furlan",""
"https://stats.tennismylife.org/players/ricardo-mello","ricardo-mello",""
"https://stats.tennismylife.org/players/richard-fromberg","richard-fromberg",""
"https://stats.tennismylife.org/players/richard-gasquet","richard-gasquet",""
"https://stats.tennismylife.org/players/richard-krajicek","richard-krajicek",""
"https://stats.tennismylife.org/players/richard-pancho-gonzales","richard-pancho-gonzales",""
"https://stats.tennismylife.org/players/richey-reneberg","richey-reneberg",""
"https://stats.tennismylife.org/players/rick-meyer","rick-meyer",""
"https://stats.tennismylife.org/players/ricki-osterthun","ricki-osterthun",""
"https://stats.tennismylife.org/players/rinky-hijikata","rinky-hijikata",""
"https://stats.tennismylife.org/players/robbie-weiss","robbie-weiss",""
"https://stats.tennismylife.org/players/robby-ginepri","robby-ginepri",""
"https://stats.tennismylife.org/players/robert-lutz","robert-lutz",""
"https://stats.tennismylife.org/players/robert-maud","robert-maud",""
"https://stats.tennismylife.org/players/robert-vant-hof","robert-vant-hof",""
"https://stats.tennismylife.org/players/roberto-arguello","roberto-arguello",""
"https://stats.tennismylife.org/players/roberto-bautista-agut","roberto-bautista-agut",""
"https://stats.tennismylife.org/players/roberto-carballes-baena","roberto-carballes-baena",""
"https://stats.tennismylife.org/players/roberto-carretero","roberto-carretero",""
"https://stats.tennismylife.org/players/robin-haase","robin-haase",""
"https://stats.tennismylife.org/players/robin-soderling","robin-soderling",""
"https://stats.tennismylife.org/players/rod-frawley","rod-frawley",""
"https://stats.tennismylife.org/players/rod-laver","rod-laver",""
"https://stats.tennismylife.org/players/rodrigo-pacheco-mendez","rodrigo-pacheco-mendez",""
"https://stats.tennismylife.org/players/roger-federer","roger-federer",""
"https://stats.tennismylife.org/players/roger-taylor","roger-taylor",""
"https://stats.tennismylife.org/players/rolf-gehring","rolf-gehring",""
"https://stats.tennismylife.org/players/roman-andres-burruchaga","roman-andres-burruchaga",""
"https://stats.tennismylife.org/players/roman-safiullin","roman-safiullin",""
"https://stats.tennismylife.org/players/ron-holmberg","ron-holmberg",""
"https://stats.tennismylife.org/players/ronald-agenor","ronald-agenor",""
"https://stats.tennismylife.org/players/roscoe-tanner","roscoe-tanner",""
"https://stats.tennismylife.org/players/ross-case","ross-case",""
"https://stats.tennismylife.org/players/roy-emerson","roy-emerson",""
"https://stats.tennismylife.org/players/ryan-harrison","ryan-harrison",""
"https://stats.tennismylife.org/players/ryan-sweeting","ryan-sweeting",""
"https://stats.tennismylife.org/players/sam-querrey","sam-querrey",""
"https://stats.tennismylife.org/players/sammy-giammalva-jr","sammy-giammalva-jr",""
"https://stats.tennismylife.org/players/sandy-mayer","sandy-mayer",""
"https://stats.tennismylife.org/players/santiago-ventura","santiago-ventura",""
"https://stats.tennismylife.org/players/sargis-sargsian","sargis-sargsian",""
"https://stats.tennismylife.org/players/scott-davis","scott-davis",""
"https://stats.tennismylife.org/players/scott-draper","scott-draper",""
"https://stats.tennismylife.org/players/sebastian-baez","sebastian-baez",""
"https://stats.tennismylife.org/players/sebastian-korda","sebastian-korda",""
"https://stats.tennismylife.org/players/sebastian-ofner","sebastian-ofner",""
"https://stats.tennismylife.org/players/sebastien-grosjean","sebastien-grosjean",""
"https://stats.tennismylife.org/players/sergi-bruguera","sergi-bruguera",""
"https://stats.tennismylife.org/players/sergio-casal","sergio-casal",""
"https://stats.tennismylife.org/players/sergiy-stakhovsky","sergiy-stakhovsky",""
"https://stats.tennismylife.org/players/sherwood-stewart","sherwood-stewart",""
"https://stats.tennismylife.org/players/shintaro-mochizuki","shintaro-mochizuki",""
"https://stats.tennismylife.org/players/shlomo-glickstein","shlomo-glickstein",""
"https://stats.tennismylife.org/players/sho-shimabukuro","sho-shimabukuro",""
"https://stats.tennismylife.org/players/shuzo-matsuoka","shuzo-matsuoka",""
"https://stats.tennismylife.org/players/simon-youl","simon-youl",""
"https://stats.tennismylife.org/players/simone-colombo","simone-colombo",""
"https://stats.tennismylife.org/players/sjeng-schalken","sjeng-schalken",""
"https://stats.tennismylife.org/players/slava-dosedel","slava-dosedel",""
"https://stats.tennismylife.org/players/slobodan-zivojinovic","slobodan-zivojinovic",""
"https://stats.tennismylife.org/players/soonwoo-kwon","soonwoo-kwon",""
"https://stats.tennismylife.org/players/stan-smith","stan-smith",""
"https://stats.tennismylife.org/players/stan-wawrinka","stan-wawrinka",""
"https://stats.tennismylife.org/players/stefan-dostanic","stefan-dostanic",""
"https://stats.tennismylife.org/players/stefan-edberg","stefan-edberg",""
"https://stats.tennismylife.org/players/stefan-koubek","stefan-koubek",""
"https://stats.tennismylife.org/players/stefano-pescosolido","stefano-pescosolido",""
"https://stats.tennismylife.org/players/stefanos-sakellaridis","stefanos-sakellaridis",""
"https://stats.tennismylife.org/players/stefanos-tsitsipas","stefanos-tsitsipas",""
"https://stats.tennismylife.org/players/steve-darcis","steve-darcis",""
"https://stats.tennismylife.org/players/steve-denton","steve-denton",""
"https://stats.tennismylife.org/players/steve-johnson","steve-johnson",""
"https://stats.tennismylife.org/players/sumit-nagal","sumit-nagal",""
"https://stats.tennismylife.org/players/taha-baadi","taha-baadi",""
"https://stats.tennismylife.org/players/tallon-griekspoor","tallon-griekspoor",""
"https://stats.tennismylife.org/players/taro-daniel","taro-daniel",""
"https://stats.tennismylife.org/players/taylor-dent","taylor-dent",""
"https://stats.tennismylife.org/players/taylor-fritz","taylor-fritz",""
"https://stats.tennismylife.org/players/tennys-sandgren","tennys-sandgren",""
"https://stats.tennismylife.org/players/terence-atmane","terence-atmane",""
"https://stats.tennismylife.org/players/terry-moor","terry-moor",""
"https://stats.tennismylife.org/players/thanasi-kokkinakis","thanasi-kokkinakis",""
"https://stats.tennismylife.org/players/theo-papamalamis","theo-papamalamis",""
"https://stats.tennismylife.org/players/thiago-agustin-tirante","thiago-agustin-tirante",""
"https://stats.tennismylife.org/players/thiago-monteiro","thiago-monteiro",""
"https://stats.tennismylife.org/players/thiago-seyboth-wild","thiago-seyboth-wild",""
"https://stats.tennismylife.org/players/thierry-tulasne","thierry-tulasne",""
"https://stats.tennismylife.org/players/thomas-enqvist","thomas-enqvist",""
"https://stats.tennismylife.org/players/thomas-hogstedt","thomas-hogstedt",""
"https://stats.tennismylife.org/players/thomas-johansson","thomas-johansson",""
"https://stats.tennismylife.org/players/thomas-muster","thomas-muster",""
"https://stats.tennismylife.org/players/thomaz-bellucci","thomaz-bellucci",""
"https://stats.tennismylife.org/players/thomaz-koch","thomaz-koch",""
"https://stats.tennismylife.org/players/tim-gullikson","tim-gullikson",""
"https://stats.tennismylife.org/players/tim-henman","tim-henman",""
"https://stats.tennismylife.org/players/tim-mayotte","tim-mayotte",""
"https://stats.tennismylife.org/players/tim-van-rijthoven","tim-van-rijthoven",""
"https://stats.tennismylife.org/players/tim-wilkison","tim-wilkison",""
"https://stats.tennismylife.org/players/timofey-skatov","timofey-skatov",""
"https://stats.tennismylife.org/players/titouan-droguet","titouan-droguet",""
"https://stats.tennismylife.org/players/todd-martin","todd-martin",""
"https://stats.tennismylife.org/players/todd-woodbridge","todd-woodbridge",""
"https://stats.tennismylife.org/players/tom-edlefsen","tom-edlefsen",""
"https://stats.tennismylife.org/players/tom-gorman","tom-gorman",""
"https://stats.tennismylife.org/players/tom-gullikson","tom-gullikson",""
"https://stats.tennismylife.org/players/tom-okker","tom-okker",""
"https://stats.tennismylife.org/players/tomas-barrios-vera","tomas-barrios-vera",""
"https://stats.tennismylife.org/players/tomas-berdych","tomas-berdych",""
"https://stats.tennismylife.org/players/tomas-carbonell","tomas-carbonell",""
"https://stats.tennismylife.org/players/tomas-machac","tomas-machac",""
"https://stats.tennismylife.org/players/tomas-martin-etcheverry","tomas-martin-etcheverry",""
"https://stats.tennismylife.org/players/tomas-smid","tomas-smid",""
"https://stats.tennismylife.org/players/tommy-haas","tommy-haas",""
"https://stats.tennismylife.org/players/tommy-paul","tommy-paul",""
"https://stats.tennismylife.org/players/tommy-robredo","tommy-robredo",""
"https://stats.tennismylife.org/players/tony-roche","tony-roche",""
"https://stats.tennismylife.org/players/trevor-svajda","trevor-svajda",""
"https://stats.tennismylife.org/players/tristan-boyer","tristan-boyer",""
"https://stats.tennismylife.org/players/tristan-schoolkate","tristan-schoolkate",""
"https://stats.tennismylife.org/players/ugo-blanchet","ugo-blanchet",""
"https://stats.tennismylife.org/players/ugo-humbert","ugo-humbert",""
"https://stats.tennismylife.org/players/ulf-stenlund","ulf-stenlund",""
"https://stats.tennismylife.org/players/ulrich-pinner","ulrich-pinner",""
"https://stats.tennismylife.org/players/valentin-royer","valentin-royer",""
"https://stats.tennismylife.org/players/valentin-vacherot","valentin-vacherot",""
"https://stats.tennismylife.org/players/van-winitsky","van-winitsky",""
"https://stats.tennismylife.org/players/vasek-pospisil","vasek-pospisil",""
"https://stats.tennismylife.org/players/victor-amaya","victor-amaya",""
"https://stats.tennismylife.org/players/victor-estrella-burgos","victor-estrella-burgos",""
"https://stats.tennismylife.org/players/victor-hanescu","victor-hanescu",""
"https://stats.tennismylife.org/players/victor-pecci","victor-pecci",""
"https://stats.tennismylife.org/players/vijay-amritraj","vijay-amritraj",""
"https://stats.tennismylife.org/players/viktor-troicki","viktor-troicki",""
"https://stats.tennismylife.org/players/vilius-gaubas","vilius-gaubas",""
"https://stats.tennismylife.org/players/vincent-spadea","vincent-spadea",""
"https://stats.tennismylife.org/players/vincent-van-patten","vincent-van-patten",""
"https://stats.tennismylife.org/players/vit-kopriva","vit-kopriva",""
"https://stats.tennismylife.org/players/vitaliy-sachko","vitaliy-sachko",""
"https://stats.tennismylife.org/players/vitas-gerulaitis","vitas-gerulaitis",""
"https://stats.tennismylife.org/players/vladimir-zednik","vladimir-zednik",""
"https://stats.tennismylife.org/players/wally-masur","wally-masur",""
"https://stats.tennismylife.org/players/wayne-arthurs","wayne-arthurs",""
"https://stats.tennismylife.org/players/wayne-ferreira","wayne-ferreira",""
"https://stats.tennismylife.org/players/werner-zirngibl","werner-zirngibl",""
"https://stats.tennismylife.org/players/wesley-moodie","wesley-moodie",""
"https://stats.tennismylife.org/players/william-rejchtman-vinciguerra","william-rejchtman-vinciguerra",""
"https://stats.tennismylife.org/players/wojtek-fibak","wojtek-fibak",""
"https://stats.tennismylife.org/players/xavier-malisse","xavier-malisse",""
"https://stats.tennismylife.org/players/yahiya-doumbia","yahiya-doumbia",""
"https://stats.tennismylife.org/players/yannick-hanfmann","yannick-hanfmann",""
"https://stats.tennismylife.org/players/yannick-noah","yannick-noah",""
"https://stats.tennismylife.org/players/yevgeny-kafelnikov","yevgeny-kafelnikov",""
"https://stats.tennismylife.org/players/yi-zhou","yi-zhou",""
"https://stats.tennismylife.org/players/yibing-wu","yibing-wu",""
"https://stats.tennismylife.org/players/yoshihito-nishioka","yoshihito-nishioka",""
"https://stats.tennismylife.org/players/yosuke-watanuki","yosuke-watanuki",""
"https://stats.tennismylife.org/players/younes-el-aynaoui","younes-el-aynaoui",""
"https://stats.tennismylife.org/players/younes-lalami-laaroussi","younes-lalami-laaroussi",""
"https://stats.tennismylife.org/players/yuichi-sugita","yuichi-sugita",""
"https://stats.tennismylife.org/players/yunchaokete-bu","yunchaokete-bu",""
"https://stats.tennismylife.org/players/zachary-svajda","zachary-svajda",""
"https://stats.tennismylife.org/players/zeljko-franulovic","zeljko-franulovic",""
"https://stats.tennismylife.org/players/zhizhen-zhang","zhizhen-zhang",""
"https://stats.tennismylife.org/players/zizou-bergs","zizou-bergs",""
"https://stats.tennismylife.org/players/zsombor-piros","zsombor-piros",""