year,tournament,tourney_date,prize_money,atp_category,tourney_id
1973,Australian Open,1972-12-26,$31.000,D,580
1973,Baltimore,1973-01-01,,Not ranked,816
1973,Sydney-1,1973-01-01,,Not ranked,338
1973,Auckland,1973-01-08,,Not ranked,301
1973,Birmingham,1973-01-15,,Not ranked,650
1973,Miami WCT,1973-01-15,$50.000,E,681
1973,Roanoke,1973-01-15,,Not ranked,2022
1973,London WCT,1973-01-18,$50.000,E,262
1973,Carlsbad WCT,1973-01-22,$50.000,E,813
1973,Omaha,1973-01-22,,Not ranked,2036
1973,Des Moines,1973-01-29,,Not ranked,2061
1973,Milan WCT,1973-01-29,$50.000,E,408
1973,Richmond WCT,1973-01-30,$50.000,E,802
1973,Philadelphia WCT,1973-02-05,$50.000,E,401
1973,Salt Lake City,1973-02-05,,Not ranked,2039
1973,Copenhagen WCT,1973-02-11,$50.000,E,481
1973,Toronto WCT,1973-02-11,$50.000,E,302
1973,Calgary,1973-02-12,$25.000,F,2038
1973,Cologne WCT,1973-02-19,$50.000,E,332
1973,Salisbury,1973-02-19,$50.000,D,355
1973,Chicago WCT,1973-02-26,$50.000,E,818
1973,Hampton,1973-02-26,$35.000,F,657
1973,Paramus,1973-03-05,,Not ranked,2037
1973,San Juan,1973-03-05,,Not ranked,6817
1973,Caracas,1973-03-12,,Not ranked,344
1973,Charleston,1973-03-12,,Not ranked,6945
1973,Hilton Head WCT,1973-03-12,,Not ranked,724
1973,Atlanta WCT,1973-03-19,$50.000,E,412
1973,Jackson,1973-03-19,,Not ranked,656
1973,Washington WCT,1973-03-19,$50.000,E,9211
1973,Washington-2,1973-03-20,,Not ranked,2040
1973,Vancouver WCT,1973-03-25,$50.000,E,2048
1973,St. Louis WCT,1973-03-26,$50.000,E,652
1973,Valencia,1973-03-26,$20.000,F,659
1973,Barcelona-1,1973-04-02,$20.000,F,278
1973,Houston WCT,1973-04-02,$50.000,E,405
1973,Munich WCT,1973-04-02,$50.000,E,804
1973,Brussels WCT,1973-04-08,$50.000,E,406
1973,Cleveland WCT,1973-04-09,$50.000,E,320
1973,Nice,1973-04-09,$20.000,F,6120
1973,Johannesburg WCT,1973-04-14,$50.000,E,9239
1973,Monte Carlo,1973-04-16,$20.000,F,
1973,Charlotte WCT,1973-04-17,$50.000,E,436
1973,Denver WCT,1973-04-23,$50.000,E,389
1973,Gothenberg WCT,1973-04-23,$50.000,E,
1973,Madrid-1,1973-04-23,$20.000,F,2026
1973,Florence,1973-04-30,$20.000,F,310
1973,Kansas City,1973-05-04,,Not ranked,9238
1973,Bournemouth,1973-05-07,$50.000,D,347
1973,WCT Finals,1973-05-07,,Not ranked,610
1973,Las Vegas,1973-05-14,$150.000,B,413
1973,Roland Garros,1973-05-21,$95.000,A,520
1973,Rome,1973-06-02,$104.000,B,416
1973,Berlin,1973-06-04,$25.000,F,9240
1973,Manchester,1973-06-04,,Not ranked,583
1973,Beckenham,1973-06-11,,Not ranked,7310
1973,Hamburg,1973-06-11,$50.000,D,414
1973,Nottingham,1973-06-11,$50.000,D,350
1973,Eastbourne,1973-06-18,$25.000,F,2049
1973,London / Queen's Club,1973-06-18,$27.000,D,311
1973,Wimbledon,1973-06-25,,Not ranked,540
1973,Bastad,1973-07-09,$50.000,E,316
1973,Dublin,1973-07-09,,Not ranked,2029
1973,Gstaad,1973-07-09,$50.000,E,314
1973,Newport,1973-07-09,$23.000,F,2050
1973,Boston,1973-07-16,$60.000,E,417
1973,Hilversum,1973-07-16,$25.000,F,317
1973,Kitzbuhel,1973-07-16,$25.000,F,319
1973,Bretton Woods,1973-07-23,$25.000,F,706
1973,Munich-2,1973-07-23,,Not ranked,308
1973,Washington-3,1973-07-23,$75.000,C,418
1973,Columbus,1973-07-30,$25.000,F,343
1973,Louisville,1973-07-30,$75.000,C,663
1973,Cincinnati,1973-08-06,$50.000,E,422
1973,Clemmons,1973-08-06,$25.000,F,2051
1973,Haverford,1973-08-13,$25.000,F,2030
1973,Indianapolis,1973-08-13,$60.000,D,717
1973,South Orange,1973-08-20,$25.000,F,707
1973,Toronto-2,1973-08-20,$75.000,C,421
1973,US Open,1973-08-29,$135.000,A,560
1973,Aptos,1973-09-10,$37.500,F,2042
1973,Seattle,1973-09-10,$37.500,F,1499
1973,Los Angeles,1973-09-17,$75.000,C,423
1973,Columbia,1973-09-19,$25.000,F,9214
1973,Alamo,1973-09-24,$50.000,E,424
1973,Chicago-2,1973-09-24,$50.000,E,411
1973,Osaka,1973-10-01,$25.000,F,498
1973,Fort Worth,1973-10-02,$50.000,E,653
1973,Quebec,1973-10-02,$50.000,E,1498
1973,Barcelona-2,1973-10-08,$75.000,C,425
1973,Tokyo,1973-10-08,$46.000,D,329
1973,Madrid-2,1973-10-15,$75.000,C,309
1973,Manila,1973-10-15,$25.000,F,362
1973,New Delhi,1973-10-15,$25.000,F,2045
1973,Prague,1973-10-22,$25.000,F,379
1973,Tehran,1973-10-22,$80.000,D,2011
1973,Hong Kong,1973-10-29,$25.000,F,336
1973,Jakarta,1973-10-29,$25.000,F,2046
1973,Paris,1973-10-29,$50.000,D,7302
1973,Sydney Indoor,1973-11-05,$50.000,E,
1973,Stockholm,1973-11-05,$83.000,C,429
1973,Christchurch,1973-11-12,$25.000,F,2032
1973,London-3,1973-11-12,$10.000,F,2016
1973,Johannesburg-2,1973-11-17,$85.000,E,426
1973,Adelaide,1973-11-19,,Not ranked,7308
1973,Buenos Aires,1973-11-19,$30.000,F,303
1973,Masters,1973-12-04,,Not ranked,605
1973,Kingston,1973-12-12,,Not ranked,9204
1974,Australian Open,1973-12-26,$42.750,E,580
1974,Sydney-1,1973-12-29,,Not ranked,338
1974,Auckland,1974-01-07,,Not ranked,301
1974,Lakeway WCT,1974-01-14,$50.000,Not ranked,6836
1974,Roanoke,1974-01-17,,Not ranked,2022
1974,Philadelphia WCT,1974-01-21,$100.000,C,401
1974,Omaha,1974-01-22,,Not ranked,2036
1974,Baltimore,1974-01-29,,Not ranked,816
1974,Richmond WCT,1974-01-29,$50.000,E,802
1974,Dayton,1974-01-30,$25.000,F,716
1974,Little Rock,1974-02-04,,Not ranked,660
1974,St Petersburg WCT,1974-02-04,$50.000,E,
1974,Birmingham,1974-02-11,,Not ranked,650
1974,Bologna WCT,1974-02-11,$50.000,E,312
1974,Toronto WCT,1974-02-11,$50.000,E,302
1974,London WCT,1974-02-15,$50.000,E,262
1974,Long Island WCT,1974-02-18,$50.000,E,2018
1974,Salisbury,1974-02-18,$50.000,E,355
1974,Barcelona WCT,1974-02-25,$50.000,E,267
1974,Carlsbad WCT,1974-02-25,$50.000,E,813
1974,Miami WCT,1974-02-25,$50.000,E,681
1974,Paramus,1974-02-28,,Not ranked,2037
1974,Caracas,1974-03-04,,Not ranked,344
1974,Hampton,1974-03-04,$35.000,F,657
1974,Calgary,1974-03-11,,Not ranked,2038
1974,Sao Paulo WCT,1974-03-11,$50.000,E,237
1974,Washington WCT,1974-03-11,$50.000,E,9211
1974,Tucson,1974-03-18,$150.000,B,729
1974,Jackson,1974-03-20,,Not ranked,656
1974,Salt Lake City,1974-03-20,,Not ranked,2039
1974,Atlanta WCT,1974-03-25,$50.000,E,412
1974,Palm Desert WCT,1974-03-25,$50.000,E,2034
1974,Rotterdam WCT,1974-03-25,$50.000,E,407
1974,Tempe,1974-03-27,,Not ranked,1537
1974,Munich WCT,1974-04-01,$50.000,E,804
1974,New Orleans WCT,1974-04-01,$50.000,E,2035
1974,Monte-Carlo WCT,1974-04-08,$50.000,E,410
1974,Orlando WCT,1974-04-08,$50.000,E,409
1974,Tokyo WCT,1974-04-08,$50.000,E,9037
1974,Charlotte WCT,1974-04-15,$50.000,E,436
1974,Houston WCT,1974-04-15,$50.000,E,405
1974,Johannesburg WCT,1974-04-15,$50.000,E,9239
1974,Denver WCT,1974-04-22,$50.000,E,389
1974,St Louis WCT,1974-04-22,$50.000,E,
1974,Acapulco,1974-05-01,$25.000,F,9213
1974,Florence,1974-05-06,$25.000,F,310
1974,WCT Finals,1974-05-08,,Not ranked,610
1974,Las Vegas,1974-05-13,$150.000,B,413
1974,Munich-2,1974-05-15,$25.000,F,308
1974,Bournemouth,1974-05-20,$50.000,E,347
1974,Hamburg,1974-05-20,$50.000,E,414
1974,Rome,1974-05-25,$101.600,C,416
1974,Roland Garros,1974-06-03,$150.000,A,520
1974,Beckenham,1974-06-10,,Not ranked,7310
1974,Nottingham,1974-06-17,$100.000,C,350
1974,Wimbledon,1974-06-24,$167.000,A,540
1974,Bastad,1974-07-08,$50.000,E,316
1974,Dublin,1974-07-08,$25.000,F,2029
1974,Gstaad,1974-07-08,$50.000,E,314
1974,Chicago,1974-07-15,$50.000,E,411
1974,Hilversum,1974-07-15,$25.000,F,317
1974,Kitzbuhel,1974-07-15,$50.000,E,319
1974,Washington-2,1974-07-22,$100.000,C,418
1974,Cincinnati,1974-07-29,$30.000,F,422
1974,Louisville,1974-07-29,$100.000,C,663
1974,Bretton Woods,1974-08-05,$50.000,E,706
1974,Indianapolis,1974-08-05,$100.000,C,717
1974,Toronto-2,1974-08-12,$100.000,C,421
1974,Columbus,1974-08-12,$50.000,E,343
1974,Boston,1974-08-19,$100.000,C,417
1974,South Orange,1974-08-19,$50.000,E,707
1974,Haverford,1974-08-19,$25.000,F,2030
1974,US Open,1974-08-28,$150.000,A,560
1974,Cedar Grove,1974-09-09,$50.000,E,2031
1974,Los Angeles,1974-09-16,$100.000,C,423
1974,San Francisco,1974-09-23,$100.000,C,424
1974,Maui,1974-09-30,$50.000,E,324
1974,Madrid,1974-10-07,$75.000,D,309
1974,Tokyo-2,1974-10-07,$75.000,D,329
1974,Barcelona-2,1974-10-14,$75.000,D,425
1974,Sydney-2,1974-10-14,$75.000,D,427
1974,Teheran,1974-10-21,$100.000,C,
1974,Christchurch,1974-10-21,$25.000,F,2032
1974,Melbourne,1974-10-21,$25.000,F,9342
1974,Jakarta,1974-10-28,$50.000,E,494
1974,Paris,1974-10-28,$50.000,E,7302
1974,Vienna,1974-10-28,$25.000,F,337
1974,Stockholm,1974-11-04,$100.000,C,429
1974,Hong Kong,1974-11-04,$50.000,E,336
1974,London-2,1974-11-11,$30.000,D,2016
1974,Bombay,1974-11-11,$50.000,E,1729
1974,Manila,1974-11-11,$50.000,E,362
1974,Oslo,1974-11-11,$25.000,F,2033
1974,Buenos Aires,1974-11-18,$75.000,E,303
1974,Johannesburg-2,1974-11-18,$100.000,D,426
1974,Adelaide,1974-12-02,,Not ranked,7308
1974,Masters,1974-12-10,,Not ranked,605
1974,Sydney-3,1974-12-16,,Not ranked,9212
1975,Australian Open,1974-12-26,$51.000,D,580
1975,Auckland,1975-01-06,,Not ranked,301
1975,Bahamas,1975-01-13,$25.000,F,2021
1975,Baltimore,1975-01-13,$30.000,F,816
1975,San Juan WCT,1975-01-13,,Not ranked,9208
1975,Birmingham,1975-01-20,$25.000,F,650
1975,Philadelphia WCT,1975-01-20,$115.000,C,401
1975,Richmond WCT,1975-01-27,$60.000,E,802
1975,Dayton,1975-01-28,$30.000,F,716
1975,Roanoke,1975-01-29,$25.000,F,2022
1975,Basel,1975-02-03,$25.000,F,328
1975,Little Rock,1975-02-03,$25.000,F,660
1975,St Petersburg WCT,1975-02-03,$60.000,E,
1975,Bologna WCT,1975-02-06,$60.000,E,312
1975,Salisbury,1975-02-10,$50.000,E,355
1975,Toronto WCT,1975-02-10,$60.000,E,302
1975,Algiers,1975-02-17,,Not ranked,9207
1975,Barcelona WCT,1975-02-17,$60.000,E,267
1975,Boca Raton,1975-02-17,$37.500,F,718
1975,Carlsbad WCT,1975-02-17,$60.000,E,813
1975,Fort Worth WCT,1975-02-17,$60.000,E,653
1975,Rotterdam WCT,1975-02-24,$60.000,E,407
1975,San Antonio WCT,1975-02-24,$60.000,E,1602
1975,Fairfield,1975-02-25,$25.000,F,2023
1975,Cairo,1975-03-03,$25.000,F,206
1975,London WCT,1975-03-04,,Not ranked,262
1975,Dusseldorf-1,1975-03-10,$25.000,F,9209
1975,Munich WCT,1975-03-10,$60.000,E,804
1975,Sao Paulo WCT,1975-03-10,$60.000,E,237
1975,Washingtom WCT,1975-03-10,$60.000,E,
1975,Hampton,1975-03-11,$37.500,E,657
1975,Caracas WCT,1975-03-17,$60.000,E,344
1975,Memphis WCT,1975-03-17,$60.000,E,7299
1975,New York,1975-03-17,$25.000,F,2025
1975,Monte-Carlo WCT,1975-03-23,$60.000,E,410
1975,Atlanta WCT,1975-03-24,$60.000,E,412
1975,Orlando WCT,1975-03-24,$60.000,E,409
1975,Jackson,1975-03-26,$35.000,F,656
1975,Tucson,1975-03-31,$175.000,B,729
1975,Barcelona-2,1975-04-07,$30.000,F,278
1975,St. Louis WCT,1975-04-07,$60.000,E,652
1975,Johannesburg WCT,1975-04-11,$60.000,E,9239
1975,Denver WCT,1975-04-14,$60.000,E,389
1975,Tokyo WCT,1975-04-14,$60.000,E,9037
1975,Valencia,1975-04-14,$30.000,F,659
1975,Charlotte WCT,1975-04-21,$60.000,E,436
1975,Houston WCT,1975-04-21,$60.000,E,405
1975,Madrid-1,1975-04-21,$30.000,F,2026
1975,Stockholm WCT,1975-04-21,$60.000,E,666
1975,Nice,1975-04-28,$30.000,F,6120
1975,Florence,1975-05-05,$30.000,F,310
1975,Munich-2,1975-05-05,$50.000,E,308
1975,WCT Finals,1975-05-07,,Not ranked,610
1975,Bournemouth,1975-05-12,$50.000,E,347
1975,Las Vegas,1975-05-12,$150.000,B,413
1975,Hamburg,1975-05-19,$100.000,C,414
1975,Dusseldorf-2,1975-05-26,$50.000,E,661
1975,Rome,1975-05-26,$95.000,C,416
1975,Roland Garros,1975-06-04,$155.000,A,520
1975,Nottingham,1975-06-16,$100.000,C,350
1975,Wimbledon,1975-06-23,$165.000,A,540
1975,Bastad,1975-07-07,$50.000,E,316
1975,Gstaad,1975-07-07,$50.000,E,314
1975,Kitzbuhel,1975-07-07,$50.000,E,319
1975,Chicago,1975-07-14,$50.000,E,411
1975,Hilversum,1975-07-14,$50.000,E,317
1975,Istanbul,1975-07-14,$25.000,F,2027
1975,Washington-2,1975-07-21,$100.000,C,418
1975,Cincinnati,1975-07-28,$50.000,E,422
1975,Louisville,1975-07-28,$100.000,C,663
1975,Indianapolis,1975-08-04,$100.000,C,717
1975,North Conway,1975-08-04,$100.000,C,705
1975,Toronto-2,1975-08-11,$100.000,C,421
1975,Columbus,1975-08-12,$50.000,E,343
1975,Boston,1975-08-18,$100.000,C,417
1975,South Orange,1975-08-18,$50.000,E,707
1975,US Open,1975-08-27,$166.000,A,560
1975,Bermuda,1975-09-15,$50.000,E,2014
1975,Los Angeles,1975-09-15,$100.000,C,423
1975,San Francisco,1975-09-22,$100.000,C,424
1975,Aviles,1975-09-29,$25.000,F,2028
1975,Maui,1975-09-29,$50.000,E,324
1975,Madrid-2,1975-10-06,$75.000,D,309
1975,Melbourne,1975-10-06,$50.000,E,9342
1975,Barcelona-3,1975-10-13,$75.000,D,425
1975,Sydney-1,1975-10-13,$100.000,C,427
1975,Perth,1975-10-20,$50.000,E,2859
1975,Teheran,1975-10-20,$100.000,C,
1975,Manila,1975-10-27,$75.000,D,362
1975,Paris,1975-10-27,$50.000,E,7302
1975,Stockholm-2,1975-11-03,$100.000,C,429
1975,Tokyo-2,1975-11-03,$100.000,C,329
1975,Buenos Aires,1975-11-10,$75.000,D,303
1975,Hong Kong,1975-11-10,$75.000,E,336
1975,London-2,1975-11-12,$30.000,D,2016
1975,Calcutta,1975-11-17,$50.000,E,680
1975,Johannesburg-2,1975-11-17,$95.000,C,426
1975,Masters,1975-11-30,,Not ranked,605
1975,Sydney-2,1975-12-15,,Not ranked,338
1976,Australian Open,1975-12-26,$75.000,D,580
1976,Auckland,1976-01-05,,Not ranked,301
1976,Monterrey WCT,1976-01-05,$64.000,E,345
1976,Columbus WCT,1976-01-07,$64.000,E,662
1976,Indianapolis WCT,1976-01-12,$64.000,E,664
1976,Atlanta WCT,1976-01-14,$64.000,E,412
1976,Baltimore,1976-01-20,$50.000,E,816
1976,Birmingham,1976-01-20,,Not ranked,650
1976,Philadelphia WCT,1976-01-26,$115.000,C,401
1976,Barcelona WCT,1976-02-02,$64.000,E,267
1976,Boca Raton,1976-02-02,,Not ranked,718
1976,Dayton,1976-02-04,$35.000,F,716
1976,Richmond WCT,1976-02-04,$64.000,E,802
1976,Lagos WCT,1976-02-10,$64.000,E,205
1976,Toronto WCT,1976-02-10,$64.000,E,302
1976,Salisbury,1976-02-14,,Not ranked,355
1976,Rome WCT,1976-02-17,$64.000,E,665
1976,St Louis WCT,1976-02-16,$64.000,E,
1976,Rotterdam WCT,1976-02-23,$64.000,E,407
1976,Fort Worth WCT,1976-02-24,$64.000,E,653
1976,Basel,1976-03-01,$30.000,F,328
1976,Little Rock,1976-03-01,,Not ranked,660
1976,Nuremberg,1976-03-08,$25.000,F,658
1976,Memphis WCT,1976-03-09,$64.000,E,402
1976,Mexico City WCT,1976-03-09,$64.000,E,295
1976,Hampton,1976-03-10,,Not ranked,657
1976,Washington WCT,1976-03-15,$64.000,E,9211
1976,Carlsbad,1976-03-16,,Not ranked,813
1976,Jackson WCT,1976-03-17,$64.000,E,656
1976,Palm Springs,1976-03-22,$200.000,B,404
1976,Valencia,1976-03-22,$30.000,F,659
1976,Barcelona-2,1976-03-29,$30.000,F,278
1976,Sao Paulo WCT,1976-03-29,$64.000,E,237
1976,Caracas WCT,1976-03-30,$64.000,E,344
1976,Nice,1976-04-04,$30.000,F,6120
1976,Houston WCT,1976-04-05,$64.000,E,405
1976,Johannesburg WCT,1976-04-05,$64.000,E,9239
1976,Monte-Carlo WCT,1976-04-12,$64.000,E,410
1976,Palma,1976-04-12,$30.000,F,655
1976,Charlotte WCT,1976-04-13,$64.000,E,436
1976,Denver WCT,1976-04-19,$64.000,E,389
1976,Madrid-1,1976-04-19,$30.000,F,309
1976,Stockholm WCT,1976-04-19,$64.000,E,666
1976,Sacramento,1976-04-22,$25.000,F,654
1976,Florence,1976-05-03,$30.000,F,310
1976,Munich,1976-05-04,$50.000,E,308
1976,WCT Finals,1976-05-04,,Not ranked,610
1976,Bournemouth,1976-05-10,$75.000,D,347
1976,Las Vegas,1976-05-10,$150.000,B,413
1976,Hamburg,1976-05-17,$100.000,C,414
1976,Rome-2,1976-05-23,$150.000,B,416
1976,WCT Challenge Cup,1976-05-23,,Not ranked,3935
1976,Dusseldorf,1976-05-24,$75.000,D,661
1976,Roland Garros,1976-05-31,$177.000,AA,520
1976,Berlin,1976-06-14,$50.000,E,9240
1976,Nottingham,1976-06-14,$100.000,C,350
1976,Wimbledon,1976-06-21,$160.000,AA,540
1976,Bastad,1976-07-05,$100.000,C,316
1976,Gstaad,1976-07-05,$75.000,D,314
1976,Pepsi Grand Slam,1976-07-09,,Not ranked,1725
1976,Cincinnati,1976-07-12,$100.000,C,422
1976,Kitzbuhel,1976-07-12,$75.000,D,319
1976,Hilversum,1976-07-13,$50.000,E,317
1976,Washington-2,1976-07-19,$125.000,B,418
1976,Louisville,1976-07-26,$125.000,B,663
1976,North Conway,1976-08-01,$100.000,C,705
1976,Columbus-2,1976-08-02,$87.500,D,343
1976,Indianapolis-2,1976-08-09,$125.000,B,717
1976,Toronto-2,1976-08-16,$125.000,B,421
1976,Boston,1976-08-23,$125.000,B,417
1976,South Orange,1976-08-23,$50.000,E,707
1976,US Open,1976-09-01,$214.000,AA,560
1976,Bermuda,1976-09-13,$50.000,E,2014
1976,Newport,1976-09-16,$35.000,F,315
1976,Los Angeles,1976-09-20,$125.000,B,423
1976,San Francisco,1976-09-27,$125.000,B,424
1976,Aviles,1976-10-04,$35.000,F,2028
1976,Maui,1976-10-04,$100.000,C,324
1976,Teheran,1976-10-04,$150.000,A,
1976,Brisbane,1976-10-11,$50.000,E,326
1976,Madrid-2,1976-10-11,$100.000,C,2015
1976,Barcelona-3,1976-10-18,$100.000,C,425
1976,Sydney-1,1976-10-18,$125.000,B,427
1976,Paris,1976-10-25,$50.000,E,7302
1976,Perth,1976-10-25,$50.000,E,2859
1976,Vienna,1976-10-25,$50.000,E,337
1976,Cologne,1976-11-01,$50.000,E,332
1976,Tokyo,1976-11-01,$75.000,D,329
1976,London,1976-11-02,$100.000,C,2016
1976,Hong Kong,1976-11-08,$75.000,D,336
1976,Stockholm-2,1976-11-08,$150.000,A,429
1976,Manila,1976-11-15,$75.000,D,362
1976,Sao Paulo-2,1976-11-15,$50.000,E,240
1976,Wembley,1976-11-15,$125.000,B,430
1976,Bangalore,1976-11-22,$50.000,E,2017
1976,Buenos Aires,1976-11-22,$50.000,E,303
1976,Johannesburg,1976-11-22,$150.000,A,
1976,Santiago,1976-11-30,$35.000,F,361
1976,Masters,1976-12-05,,Not ranked,605
1976,WCT Challenge Cup,1976-05-23,,Not ranked,3935
1976,Sydney-2,1976-12-26,$75.000,D,338
1977,Zurich,1976-12-29,$25.000,F,810
1977,Australian Open-1,1977-01-01,$200.000,AA,580
1977,Adelaide-1,1977-01-10,$75.000,D,7308
1977,Auckland,1977-01-10,$25.000,F,301
1977,Birmingham WCT,1977-01-12,$100.000,D,1506
1977,Baltimore,1977-01-17,$100.000,D,816
1977,Pepsi Grand Slam,1977-01-21,,Not ranked,1725
1977,Philadelphia WCT,1977-01-24,$200.000,B,401
1977,Little Rock,1977-01-31,$50.000,E,660
1977,Richmond WCT,1977-02-01,$100.000,D,802
1977,Dayton,1977-02-02,$50.000,E,716
1977,Miami,1977-02-07,$50.000,E,681
1977,Springfield,1977-02-07,$50.000,E,682
1977,Mexico City WCT,1977-02-08,$100.000,D,7303
1977,San Jose,1977-02-14,$50.000,E,356
1977,Ocean City,1977-02-15,,Not ranked,2019
1977,Toronto WCT,1977-02-15,$100.000,D,302
1977,Palm Springs,1977-02-21,$225.000,A,404
1977,Memphis,1977-02-28,$175.000,B,402
1977,Monterrey WCT,1977-03-01,$100.000,D,345
1977,Hampton,1977-03-08,$50.000,E,657
1977,Johannesburg-1,1977-03-08,$150.000,C,9239
1977,Helsinki,1977-03-14,$50.000,E,2008
1977,Washington-1,1977-03-14,$100.000,D,9211
1977,St Louis WCT,1977-03-14,$100.000,D,
1977,Cairo,1977-03-21,$30.000,F,206
1977,Carlsbad,1977-03-21,$100.000,D,813
1977,Rotterdam WCT,1977-03-22,$100.000,D,407
1977,London WCT,1977-03-28,$100.000,D,262
1977,Los Angeles-1,1977-03-28,$150.000,C,423
1977,Nice,1977-03-28,$50.000,E,6120
1977,Jackson,1977-04-04,,Not ranked,656
1977,Monte-Carlo WCT,1977-04-05,$100.000,D,410
1977,WCT Challenge Cup,1977-04-10,,Not ranked,3933
1977,Houston WCT,1977-04-11,$100.000,D,405
1977,Murcia,1977-04-11,$50.000,E,2009
1977,Buenos Aires-1,1977-04-14,,Not ranked,722
1977,Denver,1977-04-18,$100.000,D,389
1977,Florence,1977-04-18,$30.000,F,310
1977,Charlotte WCT,1977-04-19,$100.000,D,436
1977,Virginia Beach,1977-04-19,,Not ranked,674
1977,Las Vegas,1977-04-25,$250.000,A,413
1977,Munich,1977-04-26,$75.000,D,308
1977,Hamburg,1977-05-09,$125.000,C,414
1977,WCT Finals,1977-05-10,,Not ranked,610
1977,Dusseldorf,1977-05-16,$75.000,D,661
1977,Rome,1977-05-16,$150.000,C,416
1977,Roland Garros,1977-05-23,$300.000,AA,520
1977,Brussels,1977-06-06,$75.000,D,406
1977,Nottingham,1977-06-06,$100.000,D,350
1977,Berlin,1977-06-13,$50.000,E,9240
1977,Queen's Club,1977-06-13,$100.000,D,311
1977,Wimbledon,1977-06-20,$198.500,AA,540
1977,Bastad,1977-07-04,$75.000,D,316
1977,Gstaad,1977-07-04,$75.000,D,314
1977,Newport,1977-07-04,$50.000,E,315
1977,Cincinnati,1977-07-11,$100.000,D,422
1977,Hilversum,1977-07-11,$75.000,D,317
1977,Kitzbuhel,1977-07-11,$75.000,D,319
1977,Washington-2,1977-07-18,$125.000,C,418
1977,Louisville,1977-07-25,$125.000,C,663
1977,North Conway,1977-08-01,$125.000,C,705
1977,South Orange,1977-08-01,$75.000,D,707
1977,Columbus,1977-08-08,$125.000,C,343
1977,Indianapolis,1977-08-08,$125.000,C,717
1977,Toronto-2,1977-08-15,$125.000,C,421
1977,Boston,1977-08-22,$125.000,C,417
1977,US Open,1977-08-31,$250.000,AA,560
1977,Laguna Niguel,1977-09-14,,Not ranked,2020
1977,WCT Tournament of Champions,1977-09-17,,Not ranked,2059
1977,Los Angeles-2,1977-09-19,$100.000,D,2006
1977,Paris-1,1977-09-19,$50.000,E,2010
1977,Aix en Provence,1977-09-26,$50.000,E,
1977,San Francisco,1977-09-26,$125.000,D,424
1977,Maui,1977-10-03,$100.000,D,324
1977,Teheran,1977-10-03,$150.000,C,
1977,Brisbane,1977-10-10,$50.000,E,326
1977,Madrid,1977-10-10,$100.000,D,309
1977,Barcelona,1977-10-17,$100.000,D,425
1977,Sydney-1,1977-10-17,$125.000,C,427
1977,Basel,1977-10-24,$50.000,E,328
1977,Perth,1977-10-24,$50.000,E,2859
1977,Vienna,1977-10-24,$50.000,E,337
1977,Cologne,1977-10-31,$50.000,E,332
1977,Paris-2,1977-10-31,$50.000,E,7302
1977,Tokyo,1977-10-31,$100.000,D,329
1977,Bogota,1977-11-07,$50.000,E,359
1977,Hong Kong,1977-11-07,$75.000,D,336
1977,Stockholm,1977-11-07,$150.000,C,429
1977,Manila,1977-11-14,$75.000,D,362
1977,Santiago,1977-11-14,$50.000,E,361
1977,WCT Challenge Cup,1977-04-10,,Not ranked,3933
1977,Wembley,1977-11-15,$125.000,C,430
1977,Buenos Aires-2,1977-11-21,$75.000,D,303
1977,Oviedo,1977-11-21,$100.000,D,2012
1977,Taipei,1977-11-21,$50.000,E,333
1977,Bombay,1977-11-28,$50.000,E,1729
1977,Johannesburg-2,1977-11-28,$150.000,C,426
1977,Adelaide-2,1977-12-05,$100.000,D,2013
1977,Sydney-2,1977-12-12,$175.000,B,338
1977,Australian Open-2,1977-12-19,$200.000,AA,581
1977,Masters,1978-01-04,,Not ranked,605
1978,Birmingham WCT,1978-01-09,$175.000,B,1506
1978,Baltimore,1978-01-16,$100.000,D,816
1978,Pepsi Grand Slam,1978-01-20,,Not ranked,1725
1978,Philadelphia WCT,1978-01-23,$225.000,A,401
1978,Sarasota,1978-01-23,$50.000,E,709
1978,Little Rock,1978-01-30,$50.000,E,660
1978,Mexico City-1,1978-01-30,$50.000,E,7303
1978,Richmond WCT,1978-01-30,$175.000,B,802
1978,Springfield,1978-02-06,$75.000,D,682
1978,St Louis WCT,1978-02-06,$175.000,B,
1978,Palm Springs,1978-02-13,$225.000,A,404
1978,Denver,1978-02-20,$125.000,C,389
1978,Lagos,1978-02-27,$50.000,E,205
1978,Memphis,1978-02-27,$225.000,A,402
1978,Miami,1978-02-27,$50.000,E,681
1978,Cairo,1978-03-06,$38.000,F,206
1978,Washington-1,1978-03-13,$125.000,C,9211
1978,Las Vegas WCT,1978-03-20,,Not ranked,683
1978,Milan WCT,1978-03-27,$175.000,B,408
1978,Dayton,1978-03-28,$75.000,D,716
1978,Johannesburg-1,1978-04-03,$75.000,D,9239
1978,Rotterdam WCT,1978-04-03,$175.000,B,407
1978,Guadalajara,1978-04-10,$50.000,E,280
1978,Monte-Carlo WCT,1978-04-10,$175.000,B,410
1978,Houston WCT,1978-04-17,$175.000,B,405
1978,Nice,1978-04-17,$50.000,E,6120
1978,San Jose,1978-04-17,$50.000,E,356
1978,Las Vegas-2,1978-04-24,$250.000,A,413
1978,Tulsa,1978-04-24,$50.000,E,711
1978,WCT Finals,1978-05-09,,Not ranked,610
1978,Florence,1978-05-15,$50.000,E,310
1978,Hamburg,1978-05-15,$175.000,B,414
1978,Rome,1978-05-22,$175.000,B,416
1978,Munich,1978-05-23,$75.000,D,308
1978,Roland Garros,1978-05-29,$337.500,AA,520
1978,Birmingham-2,1978-06-12,$125.000,C,725
1978,Brussels,1978-06-12,$50.000,E,406
1978,Berlin,1978-06-19,$50.000,E,9240
1978,Queen's Club,1978-06-19,$125.000,C,311
1978,Wimbledon,1978-06-26,$270.000,AA,540
1978,Cincinnati,1978-07-10,$125.000,C,422
1978,Forest Hills WCT,1978-07-10,,Not ranked,415
1978,Gstaad,1978-07-10,$75.000,D,314
1978,Newport,1978-07-10,$75.000,D,315
1978,Bastad,1978-07-17,$75.000,D,316
1978,Stuttgart,1978-07-17,$50.000,E,321
1978,Washington-2,1978-07-17,$175.000,B,418
1978,Hilversum,1978-07-24,$50.000,E,317
1978,Kitzbuhel,1978-07-24,$75.000,D,319
1978,Louisville,1978-07-24,$175.000,B,663
1978,New Orleans,1978-07-31,$75.000,D,715
1978,North Conway,1978-07-31,$175.000,B,705
1978,South Orange,1978-07-31,$75.000,D,707
1978,Columbus,1978-08-07,$75.000,D,343
1978,Indianapolis,1978-08-07,$175.000,B,717
1978,Cleveland,1978-08-14,$50.000,E,320
1978,Stowe,1978-08-14,$75.000,D,349
1978,Toronto,1978-08-14,$175.000,B,421
1978,Atlanta,1978-08-21,$50.000,E,412
1978,Boston,1978-08-21,$200.000,B,417
1978,US Open,1978-08-29,$300.000,AA,560
1978,Bournemouth,1978-09-18,$50.000,E,347
1978,Hartford,1978-09-18,$75.000,D,819
1978,Los Angeles,1978-09-18,$200.000,B,423
1978,Aix-En-Provence,1978-09-25,$50.000,E,
1978,Mexico City-2,1978-09-25,$50.000,E,295
1978,San Francisco,1978-09-25,$175.000,B,424
1978,Madrid,1978-10-02,$100.000,D,309
1978,Maui,1978-10-02,$100.000,D,324
1978,Barcelona,1978-10-09,$175.000,B,425
1978,Brisbane,1978-10-09,$50.000,E,326
1978,Sydney-1,1978-10-16,$175.000,B,427
1978,Basel,1978-10-23,$75.000,D,328
1978,Tokyo-1,1978-10-23,$100.000,D,329
1978,Vienna,1978-10-23,$75.000,D,337
1978,Cologne,1978-10-30,$75.000,D,332
1978,Paris,1978-10-30,$50.000,E,7302
1978,Tokyo-2,1978-10-30,$200.000,B,428
1978,Hong Kong,1978-11-06,$75.000,D,336
1978,Stockholm,1978-11-06,$175.000,B,429
1978,Bogota,1978-11-13,$50.000,E,359
1978,Taipei,1978-11-13,$50.000,E,333
1978,Wembley,1978-11-14,$175.000,B,430
1978,Bologna,1978-11-20,$50.000,E,312
1978,Buenos Aires,1978-11-20,$175.000,B,303
1978,Manila,1978-11-20,$75.000,D,362
1978,Calcutta,1978-11-27,$50.000,E,680
1978,Johannesburg-2,1978-11-27,$175.000,B,426
1978,Santiago,1978-11-27,$75.000,D,361
1978,WCT Challenge Cup,1978-12-12,,Not ranked,3934
1978,Sydney-2,1978-12-18,$125.000,C,338
1978,Australian Open,1978-12-25,$300.000,AA,580
1978,Masters,1979-01-10,,Not ranked,605
1979,Hobart,1979-01-01,$50.000,2,713
1979,Auckland,1979-01-02,$50.000,2,301
1979,Baltimore,1979-01-15,$75.000,4,816
1979,Birmingham WCT,1979-01-15,$175.000,9,712
1979,Philadelphia WCT,1979-01-22,$250.000,14,401
1979,Little Rock,1979-01-29,$50.000,3,660
1979,Richmond,1979-01-29,$175.000,9,
1979,Pepsi Grand Slam,1979-02-10,,Not ranked,1725
1979,Rancho Mirage,1979-02-12,$250.000,15,404
1979,Sarasota,1979-02-12,$50.000,2,709
1979,Denver,1979-02-19,$125.000,7,389
1979,Dorado Beach WCT,1979-02-19,,Not ranked,6880
1979,Lagos,1979-02-26,$50.000,2,205
1979,Memphis,1979-02-26,$250.000,15,402
1979,Washington-1,1979-03-12,$125.000,7,9211
1979,Nancy,1979-03-19,$50.000,2,304
1979,New Orleans WCT,1979-03-19,$175.000,9,715
1979,San Jose-1,1979-03-19,$50.000,2,714
1979,Dayton,1979-03-26,$75.000,4,716
1979,Milan WCT,1979-03-26,$200.000,10,408
1979,Stuttgart-1,1979-03-26,$75.000,4,357
1979,Nice,1979-04-02,$50.000,3,6120
1979,Rotterdam WCT,1979-04-02,$175.000,9,407
1979,Cairo,1979-04-09,$75.000,3,206
1979,Monte-Carlo WCT,1979-04-09,$175.000,9,410
1979,Tulsa,1979-04-09,$50.000,3,711
1979,Houston WCT,1979-04-16,$175.000,9,405
1979,Johannesburg-1,1979-04-16,$75.000,3,9239
1979,San Jose-2,1979-04-16,$50.000,3,356
1979,Las Vegas,1979-04-23,$250.000,13,413
1979,WCT Finals,1979-05-02,,Not ranked,610
1979,Florence,1979-05-14,$50.000,2,310
1979,Hamburg,1979-05-14,$175.000,12,414
1979,Rome,1979-05-21,$200.000,13,416
1979,Munich,1979-05-22,$75.000,4,308
1979,Roland Garros,1979-05-28,$375.000,21,520
1979,Brussels,1979-06-11,$50.000,3,406
1979,Queen's Club,1979-06-11,$125.000,10,311
1979,Berlin,1979-06-18,$50.000,2,9240
1979,Surbiton,1979-06-18,$50.000,3,720
1979,Wimbledon,1979-06-25,$300.000,18,540
1979,Forest Hills WCT,1979-07-09,,Not ranked,415
1979,Gstaad,1979-07-09,$75.000,4,314
1979,Newport,1979-07-09,$100.000,5,315
1979,Bastad,1979-07-16,$75.000,3,316
1979,Stuttgart-2,1979-07-16,$75.000,4,321
1979,Washington-2,1979-07-16,$175.000,11,418
1979,Hilversum,1979-07-23,$75.000,3,317
1979,Kitzbuhel,1979-07-23,$75.000,3,319
1979,Louisville,1979-07-23,$175.000,11,1727
1979,Lafayette,1979-07-30,$75.000,3,1728
1979,North Conway,1979-07-30,$175.000,12,705
1979,South Orange,1979-07-30,$75.000,3,707
1979,Columbus,1979-08-06,$75.000,3,343
1979,Indianapolis,1979-08-06,$175.000,11,717
1979,Cleveland,1979-08-13,$50.000,2,320
1979,Stowe,1979-08-13,$75.000,3,349
1979,Toronto,1979-08-13,$175.000,12,421
1979,Boston,1979-08-20,$175.000,10,417
1979,Cincinnati,1979-08-20,$200.000,12,422
1979,US Open,1979-08-28,$300.000,18,560
1979,Atlanta,1979-09-10,$50.000,2,412
1979,Los Angeles,1979-09-17,$175.000,10,423
1979,Palermo,1979-09-17,$75.000,3,325
1979,Madrid,1979-09-24,$75.000,6,309
1979,San Francisco,1979-09-24,$175.000,10,424
1979,Bordeaux,1979-10-01,$50.000,3,323
1979,Maui,1979-10-01,$100.000,6,324
1979,Barcelona,1979-10-08,$175.000,11,425
1979,Brisbane,1979-10-08,$50.000,2,326
1979,Tel Aviv,1979-10-08,$50.000,2,330
1979,Basel,1979-10-15,$75.000,4,328
1979,Sydney-1,1979-10-15,$175.000,8,427
1979,Tokyo-1,1979-10-22,$125.000,8,329
1979,Vienna,1979-10-22,$100.000,7,337
1979,Cologne,1979-10-29,$75.000,4,332
1979,Paris,1979-10-29,$50.000,2,7302
1979,Tokyo-2,1979-10-30,$300.000,14,428
1979,Hong Kong,1979-11-05,$75.000,4,336
1979,Quito,1979-11-05,$50.000,2,353
1979,Stockholm,1979-11-05,$175.000,11,429
1979,Bogota,1979-11-12,$50.000,2,359
1979,Taipei,1979-11-12,$75.000,3,333
1979,Wembley,1979-11-13,$175.000,9,430
1979,Bologna,1979-11-19,$75.000,3,312
1979,Bombay,1979-11-19,$75.000,3,1729
1979,Buenos Aires,1979-11-19,$175.000,8,303
1979,Santiago,1979-11-26,$50.000,2,361
1979,Johannesburg-2,1979-11-27,$175.000,8,426
1979,WCT Challenge Cup,1979-12-04,,Not ranked,3934
1979,Adelaide,1979-12-10,$50.000,2,7308
1979,Sydney-2,1979-12-17,$100.000,7,338
1979,Australian Open,1979-12-24,$350.000,17,580
1979,Masters,1980-01-09,,Not ranked,605
1980,Hobart,1979-12-31,$50.000,2,713
1980,Auckland,1980-01-01,$50.000,2,301
1980,Baltimore,1980-01-14,$75.000,5,816
1980,Birmingham WCT,1980-01-14,$175.000,8,712
1980,Philadelphia WCT,1980-01-21,$250.000,13,401
1980,Richmond WCT,1980-01-28,$175.000,9,802
1980,San Juan,1980-01-28,$75.000,4,358
1980,Pepsi Grand Slam,1980-02-08,,Not ranked,1725
1980,Rancho Mirage,1980-02-11,$250.000,15,404
1980,Sarasota,1980-02-11,$50.000,2,709
1980,Denver,1980-02-18,$125.000,8,389
1980,WCT Invitational,1980-02-19,,Not ranked,355
1980,Lagos,1980-02-25,$50.000,2,205
1980,Memphis,1980-02-25,$250.000,14,402
1980,Cairo,1980-03-03,$75.000,3,206
1980,Washington-1,1980-03-03,$125.000,7,9211
1980,Rotterdam WCT,1980-03-10,$175.000,9,407
1980,San Jose,1980-03-10,$50.000,2,714
1980,Stuttgart-1,1980-03-10,$75.000,3,357
1980,Frankfurt WCT,1980-03-17,$175.000,9,348
1980,Metz,1980-03-17,$50.000,2,7305
1980,Dayton,1980-03-24,$75.000,4,716
1980,Milan WCT,1980-03-24,$200.000,10,408
1980,Nice,1980-03-24,$50.000,4,6120
1980,Monte-Carlo WCT,1980-03-31,$175.000,10,410
1980,New Orleans,1980-03-31,$75.000,5,715
1980,Tampa,1980-03-31,$50.000,2,346
1980,Houston WCT,1980-04-07,$175.000,9,405
1980,Tulsa,1980-04-07,$50.000,3,711
1980,Johannesburg-1,1980-04-08,$75.000,4,9239
1980,Los Angeles,1980-04-14,$175.000,10,423
1980,Las Vegas,1980-04-22,$300.000,14,413
1980,Sao Paulo,1980-04-28,$175.000,7,275
1980,WCT Finals,1980-04-28,,Not ranked,610
1980,Forest Hills WCT,1980-05-05,,Not ranked,415
1980,Florence,1980-05-12,$50.000,2,310
1980,Hamburg,1980-05-12,$200.000,12,414
1980,Rome,1980-05-19,$200.000,11,416
1980,Munich,1980-05-20,$75.000,4,308
1980,Roland Garros,1980-05-26,$400.000,22,520
1980,Brussels,1980-06-09,$50.000,3,406
1980,Queen's Club,1980-06-09,$125.000,9,311
1980,Surbiton,1980-06-16,$50.000,3,720
1980,Vienna-1,1980-06-18,$50.000,2,208
1980,Wimbledon,1980-06-23,$300.000,18,540
1980,Gstaad,1980-07-07,$125.000,6,314
1980,Newport,1980-07-07,$100.000,5,315
1980,Bastad,1980-07-14,$75.000,3,316
1980,Boston,1980-07-14,$175.000,10,417
1980,Stuttgart-2,1980-07-14,$75.000,3,321
1980,Hilversum,1980-07-21,$75.000,3,317
1980,Kitzbuhel,1980-07-21,$75.000,3,319
1980,Washington-2,1980-07-21,$175.000,11,418
1980,North Conway,1980-07-27,$175.000,10,705
1980,South Orange,1980-07-28,$75.000,3,707
1980,Columbus,1980-08-04,$75.000,3,343
1980,Indianapolis,1980-08-04,$200.000,10,717
1980,Cleveland,1980-08-11,$75.000,3,320
1980,Stowe,1980-08-11,$75.000,3,349
1980,Toronto,1980-08-11,$175.000,10,421
1980,Atlanta,1980-08-18,$75.000,4,412
1980,Cincinnati,1980-08-18,$200.000,11,422
1980,US Open,1980-08-26,$300.000,18,560
1980,Bournemouth,1980-09-08,$50.000,2,347
1980,Palermo,1980-09-08,$75.000,3,325
1980,Bordeaux,1980-09-22,$75.000,3,323
1980,Geneva,1980-09-22,$75.000,3,322
1980,San Francisco,1980-09-22,$175.000,11,424
1980,Madrid,1980-09-29,$125.000,8,309
1980,Maui,1980-09-29,$100.000,6,324
1980,Barcelona,1980-10-06,$175.000,9,425
1980,Brisbane,1980-10-06,$50.000,2,326
1980,Tel Aviv,1980-10-06,$50.000,3,330
1980,Basel,1980-10-13,$75.000,4,328
1980,Canton,1980-10-13,$50.000,2,376
1980,Sydney-1,1980-10-13,$175.000,9,427
1980,Melbourne,1980-10-20,$125.000,6,9342
1980,Tokyo-1,1980-10-20,$125.000,7,329
1980,Vienna-2,1980-10-20,$100.000,6,337
1980,Cologne,1980-10-27,$75.000,4,332
1980,Paris,1980-10-27,$50.000,2,7302
1980,Tokyo-2,1980-10-27,$300.000,15,428
1980,Hong Kong,1980-11-03,$75.000,4,336
1980,Quito,1980-11-03,$50.000,2,353
1980,Stockholm,1980-11-04,$200.000,11,429
1980,Bogota,1980-11-10,$50.000,2,359
1980,Taipei,1980-11-10,$75.000,3,333
1980,Wembley,1980-11-10,$175.000,9,430
1980,Bangkok,1980-11-17,$75.000,3,334
1980,Bologna,1980-11-17,$75.000,4,312
1980,Buenos Aires,1980-11-17,$175.000,8,303
1980,Santiago,1980-11-24,$50.000,2,361
1980,Johannesburg-2,1980-11-25,$175.000,8,426
1980,WCT Challenge Cup,1980-12-09,,Not ranked,3934
1980,Sofia,1980-12-15,$75.000,2,364
1980,Sydney-2,1980-12-15,$75.000,7,338
1980,Australian Open,1980-12-26,$350.000,18,580
1980,Masters,1981-01-14,,Not ranked,605
1981,Adelaide,1981-01-05,$50.000,2,7308
1981,Auckland,1981-01-05,$50.000,2,301
1981,Guaruja,1981-01-19,$75.000,3,237
1981,Monterrey WCT,1981-01-19,$175.000,9,345
1981,San Juan,1981-01-19,$75.000,3,358
1981,Philadelphia WCT,1981-01-26,$250.000,14,401
1981,Vina Del Mar,1981-01-26,$50.000,3,
1981,Mar Del Plata,1981-02-02,$75.000,4,
1981,Richmond WCT,1981-02-02,$175.000,8,802
1981,Pepsi Grand Slam,1981-02-13,,Not ranked,1725
1981,La Quinta,1981-02-16,$175.000,11,404
1981,Memphis,1981-02-23,$200.000,11,402
1981,Mexico City,1981-02-23,$75.000,3,294
1981,Denver,1981-03-02,$125.000,5,389
1981,Lagos,1981-03-02,$50.000,2,205
1981,Salisbury WCT,1981-03-02,,Not ranked,355
1981,Brussels WCT,1981-03-09,$175.000,7,406
1981,Cairo,1981-03-09,$75.000,4,206
1981,Tampa,1981-03-09,$75.000,3,346
1981,Nancy,1981-03-16,$50.000,4,304
1981,Rotterdam WCT,1981-03-16,$175.000,10,407
1981,Milan WCT,1981-03-23,$175.000,10,408
1981,Napa,1981-03-23,$50.000,3,356
1981,Stuttgart-1,1981-03-23,$75.000,3,357
1981,Frankfurt WCT,1981-03-30,$175.000,9,348
1981,Linz,1981-03-30,$50.000,2,351
1981,Houston WCT,1981-04-06,$175.000,8,405
1981,Johannesburg-1,1981-04-06,$75.000,4,9239
1981,Nice,1981-04-06,$50.000,2,6120
1981,Los Angeles,1981-04-13,$75.000,3.5,423
1981,Monte-Carlo,1981-04-13,$250.000,12,410
1981,Bournemouth,1981-04-20,$75.000,3,347
1981,Las Vegas,1981-04-20,$300.000,14,413
1981,WCT Finals,1981-04-28,,Not ranked,610
1981,Forest Hills WCT,1981-05-04,,Not ranked,415
1981,Florence,1981-05-11,$50.000,2,310
1981,Hamburg,1981-05-11,$200.000,13,414
1981,Munich,1981-05-18,$75.000,3,308
1981,Rome,1981-05-18,$200.000,11,416
1981,Roland Garros,1981-05-25,$450.000,20,520
1981,Brussels-2,1981-06-08,$50.000,3,273
1981,Queen's Club,1981-06-08,$125.000,9,311
1981,Bristol,1981-06-15,$75.000,4,313
1981,Wimbledon,1981-06-22,$450.000,20,540
1981,Gstaad,1981-07-06,$125.000,5,314
1981,Newport,1981-07-06,$100.000,4,315
1981,Boston,1981-07-13,$175.000,10,417
1981,Kitzbuhel,1981-07-13,$75.000,4,319
1981,Stuttgart-2,1981-07-13,$75.000,3,321
1981,Bastad,1981-07-20,$75.000,3,316
1981,Hilversum,1981-07-20,$75.000,3,317
1981,Washington,1981-07-20,$175.000,10,418
1981,North Conway,1981-07-28,$175.000,10,705
1981,South Orange,1981-07-28,$75.000,3,707
1981,Columbus,1981-08-03,$75.000,4,343
1981,Indianapolis,1981-08-03,$200.000,11,717
1981,Cleveland,1981-08-10,$75.000,3,320
1981,Montreal,1981-08-10,$200.000,12,421
1981,Stowe,1981-08-10,$75.000,3,349
1981,Atlanta,1981-08-17,$75.000,3,412
1981,Cincinnati,1981-08-17,$200.000,10,422
1981,US Open,1981-09-01,$500.000,22,560
1981,Palermo,1981-09-14,$75.000,4,325
1981,Bordeaux,1981-09-21,$75.000,3,323
1981,Geneva,1981-09-21,$75.000,4,322
1981,San Francisco,1981-09-21,$175.000,10,424
1981,Madrid,1981-09-29,$75.000,3,309
1981,Maui,1981-09-29,$50.000,4,324
1981,Barcelona,1981-10-05,$175.000,11,425
1981,Brisbane,1981-10-05,$50.000,2,326
1981,Tel Aviv,1981-10-05,$75.000,4,330
1981,Basel,1981-10-12,$75.000,3,328
1981,Sydney-1,1981-10-12,$175.000,8,427
1981,Melbourne,1981-10-19,$125.000,6,9342
1981,Tokyo-1,1981-10-19,$125.000,7,329
1981,Vienna,1981-10-19,$125.000,6,337
1981,Cologne,1981-10-26,$75.000,4,332
1981,Paris,1981-10-26,$50.000,2,7302
1981,Tokyo-2,1981-10-26,$300.000,14,428
1981,Hong Kong,1981-11-02,$75.000,3,336
1981,Quito,1981-11-02,$75.000,3,353
1981,Stockholm,1981-11-02,$200.000,12,429
1981,Taipei,1981-11-09,$75.000,3,333
1981,Wembley,1981-11-09,$200.000,11,430
1981,Bangkok,1981-11-16,$75.000,2,334
1981,Bologna,1981-11-16,$75.000,3,312
1981,Buenos Aires,1981-11-16,$175.000,7,303
1981,Johannesburg-2,1981-11-23,$300.000,12,426
1981,Manila,1981-11-23,$75.000,4,362
1981,Santiago,1981-11-23,$50.000,3,361
1981,Sofia,1981-12-14,$50.000,2,364
1981,Sydney-2,1981-12-14,$125.000,9,338
1981,Australian Open,1981-12-24,$400.000,20,580
1981,Masters,1982-01-13,,Not ranked,605
1982,Adelaide,1982-01-04,$75.000,3,7308
1982,Auckland,1982-01-11,$75.000,3,301
1982,Guaruja,1982-01-18,,Not ranked,201
1982,Mexico City WCT,1982-01-19,,Not ranked,7303
1982,Delray Beach WCT,1982-01-25,,Not ranked,803
1982,Philadelphia,1982-01-25,$300.000,14,401
1982,Vina Del Mar,1982-01-25,$75.000,3,
1982,Buenos Aires,1982-02-01,$75.000,3,303
1982,Denver,1982-02-01,$250.000,12,389
1982,Caracas,1982-02-08,$75.000,3,344
1982,Memphis,1982-02-08,$225.000,13,402
1982,Richmond WCT,1982-02-08,,Not ranked,802
1982,La Quinta,1982-02-15,$200.000,12,404
1982,Cairo,1982-02-22,$75.000,3,206
1982,Genoa WCT,1982-02-22,,Not ranked,808
1982,Monterrey,1982-02-22,$300.000,14,345
1982,Brussels,1982-03-08,$250.000,11,406
1982,Linz,1982-03-08,$75.000,3,351
1982,Munich WCT,1982-03-08,,Not ranked,804
1982,Metz,1982-03-15,$75.000,3,7305
1982,Rotterdam,1982-03-15,$250.000,12,407
1982,Strasbourg WCT,1982-03-15,,Not ranked,809
1982,Milan,1982-03-22,$350.000,16,408
1982,Zurich WCT,1982-03-28,,Not ranked,810
1982,Frankfurt,1982-03-29,$250.000,11,348
1982,Nice,1982-03-29,$75.000,4,6120
1982,Monte-Carlo,1982-04-05,$300.000,14,410
1982,Houston WCT,1982-04-12,,Not ranked,405
1982,Los Angeles-1,1982-04-12,$200.000,10,423
1982,Bournemouth,1982-04-19,$100.000,5,347
1982,Las Vegas,1982-04-19,$300.000,15,413
1982,WCT Finals,1982-04-20,,Not ranked,610
1982,Madrid,1982-04-26,$200.000,10,309
1982,Tampa,1982-04-26,$75.000,4,346
1982,Hilton Head WCT,1982-04-27,,Not ranked,724
1982,Forest Hills WCT,1982-05-02,,Not ranked,415
1982,Florence,1982-05-10,$75.000,3,310
1982,Hamburg,1982-05-10,$250.000,14,414
1982,Munich-2,1982-05-17,$75.000,4,308
1982,Rome,1982-05-17,$300.000,16,416
1982,Roland Garros,1982-05-24,$450.000,24,520
1982,Queen's Club,1982-06-07,$150.000,10,311
1982,Venice,1982-06-07,$75.000,3,702
1982,Bristol,1982-06-14,$100.000,5,313
1982,Wimbledon,1982-06-21,$500.000,26,540
1982,Gstaad,1982-07-05,$100.000,5,314
1982,Newport,1982-07-05,$100.000,4,315
1982,Bastad,1982-07-12,$75.000,3,316
1982,Boston,1982-07-12,$200.000,10,417
1982,Stuttgart Outdoor,1982-07-12,$75.000,4,
1982,Zell Am See WCT,1982-07-12,,Not ranked,811
1982,Hilversum,1982-07-19,$75.000,3,317
1982,Kitzbuhel,1982-07-19,$100.000,6,319
1982,Washington,1982-07-19,$200.000,12,418
1982,Cap d'Agde WCT,1982-07-26,,Not ranked,812
1982,North Conway,1982-07-26,$200.000,12,705
1982,South Orange,1982-07-26,$75.000,3,707
1982,Columbus,1982-08-03,$100.000,5,343
1982,Indianapolis,1982-08-03,$200.000,12,717
1982,Cleveland,1982-08-09,$75.000,3,320
1982,Toronto,1982-08-09,$300.000,16,421
1982,Carlsbad WCT,1982-08-10,,Not ranked,813
1982,Cincinnati,1982-08-16,$300.000,17,422
1982,Stowe,1982-08-16,$75.000,3,349
1982,US Open,1982-08-31,$600.000,30,560
1982,Palermo,1982-09-13,$100.000,5,325
1982,Bordeaux,1982-09-20,$75.000,3,323
1982,Geneva,1982-09-20,$75.000,4,322
1982,Los Angeles WCT,1982-09-20,,Not ranked,814
1982,San Francisco,1982-09-20,$200.000,10,424
1982,Maui,1982-09-27,$100.000,4,324
1982,Barcelona,1982-10-04,$200.000,12,425
1982,Melbourne-1,1982-10-04,$100.000,4,9342
1982,Basel,1982-10-11,$100.000,5,328
1982,Sydney-1,1982-10-11,$200.000,9,427
1982,Naples WCT,1982-10-14,,Not ranked,806
1982,Amsterdam WCT,1982-10-18,,Not ranked,815
1982,Tokyo-1,1982-10-18,$125.000,8,329
1982,Vienna,1982-10-18,$100.000,5,337
1982,Cologne,1982-10-25,$75.000,4,332
1982,Paris,1982-10-25,$75.000,3,7302
1982,Tokyo-2,1982-10-25,$300.000,14,428
1982,Baltimore WCT,1982-11-01,,Not ranked,816
1982,Hong Kong,1982-11-01,$100.000,5,336
1982,Quito,1982-11-01,$75.000,3,353
1982,Stockholm,1982-11-01,$250.000,14,429
1982,Taipei,1982-11-08,$75.000,3,333
1982,Wembley,1982-11-08,$200.000,10,430
1982,Ancona,1982-11-15,$75.000,3,704
1982,Bangkok,1982-11-15,$75.000,3,334
1982,Dortmund WCT,1982-11-15,,Not ranked,817
1982,Sao Paulo,1982-11-15,$200.000,9,237
1982,Itaparica,1982-11-22,$75.000,3,240
1982,Johannesburg,1982-11-22,$300.000,14,426
1982,Chicago WCT,1982-11-30,,Not ranked,818
1982,Australian Open,1982-12-02,$450.000,22,580
1982,Toulouse,1982-12-06,$75.000,3,327
1982,Sydney-2,1982-12-13,$125.000,8,338
1982,Hartford WCT,1982-12-14,,Not ranked,819
1982,Adelaide,1982-01-04,$75.000,3,7308
1982,Melbourne-2,1982-12-28,$75.000,3,340
1982,Masters,1983-01-18,,Not ranked,605
1983,Auckland,1983-01-10,$75.000,3,301
1983,Detroit WCT,1983-01-24,,Not ranked,805
1983,Guaruja,1983-01-24,$200.000,10,201
1983,Caracas,1983-01-31,$75.000,3,344
1983,Philadelphia,1983-01-31,$300.000,16,401
1983,Richmond WCT,1983-02-07,,Not ranked,802
1983,Memphis,1983-02-14,$250.000,14,402
1983,Vina Del Mar,1983-02-14,$75.000,3,
1983,Delray Beach WCT,1983-02-21,,Not ranked,803
1983,La Quinta,1983-02-21,$200.000,12,404
1983,Monterrey,1983-02-28,$75.000,3,345
1983,Brussels,1983-03-07,$250.000,12,406
1983,Nancy,1983-03-07,$75.000,3,304
1983,Munich WCT,1983-03-14,,Not ranked,804
1983,Rotterdam,1983-03-14,$250.000,12,407
1983,Milan,1983-03-21,$350.000,16,408
1983,Nice,1983-03-21,$75.000,4,6120
1983,Monte-Carlo,1983-03-28,$300.000,15,410
1983,Houston WCT,1983-04-04,,Not ranked,405
1983,Lisbon,1983-04-04,$250.000,12,723
1983,Aix-en-Provence,1983-04-11,$75.000,4,342
1983,Los Angeles,1983-04-11,$200.000,11,423
1983,Hilton Head WCT,1983-04-12,,Not ranked,724
1983,Bournemouth,1983-04-18,$125.000,6,347
1983,Las Vegas,1983-04-18,$312.500,16,413
1983,Madrid,1983-04-25,$200.000,9,309
1983,Tampa,1983-04-25,$75.000,4,346
1983,WCT Finals,1983-04-26,,Not ranked,610
1983,Forest Hills WCT,1983-05-01,,Not ranked,415
1983,Florence,1983-05-09,$75.000,4,310
1983,Hamburg,1983-05-09,$250.000,14,414
1983,Munich-2,1983-05-16,$75.000,4,308
1983,Rome,1983-05-16,$300.000,16,416
1983,Roland Garros,1983-05-23,$675.000,33,520
1983,Queen's,1983-06-06,$200.000,12,
1983,Venice,1983-06-06,$75.000,3,702
1983,Bristol,1983-06-13,$100.000,5,313
1983,Wimbledon,1983-06-20,$750.000,36,540
1983,Gstaad,1983-07-04,$100.000,5,314
1983,Newport,1983-07-04,$100.000,4,315
1983,Bastad,1983-07-11,$75.000,3,316
1983,Boston,1983-07-11,$200.000,10,417
1983,Stuttgart,1983-07-11,$100.000,6,321
1983,Hilversum,1983-07-18,$75.000,3,317
1983,Kitzbuhel,1983-07-18,$100.000,5,319
1983,Washington,1983-07-18,$200.000,11,418
1983,North Conway,1983-07-25,$200.000,12,705
1983,South Orange,1983-07-25,$75.000,3,707
1983,Columbus,1983-08-01,$100.000,5,343
1983,Indianapolis,1983-08-01,$300.000,16,717
1983,Montreal,1983-08-08,$300.000,19,421
1983,Cincinnati,1983-08-15,$300.000,17,422
1983,Stowe,1983-08-15,$75.000,3,349
1983,US Open,1983-08-30,$850.000,40,560
1983,Dallas,1983-09-12,$200.000,9,388
1983,Palermo,1983-09-12,$100.000,5,325
1983,Bordeaux,1983-09-19,$75.000,3,323
1983,Geneva,1983-09-19,$75.000,4,322
1983,San Francisco,1983-09-19,$200.000,10,424
1983,Maui,1983-09-25,$100.000,4,324
1983,Barcelona,1983-10-03,$200.000,12,425
1983,Brisbane,1983-10-03,$100.000,5,326
1983,Basel,1983-10-10,$100.000,5,328
1983,Sydney-1,1983-10-10,$200.000,9,427
1983,Tel Aviv,1983-10-10,$75.000,3,330
1983,Tokyo-1,1983-10-17,$125.000,8,329
1983,Vienna,1983-10-17,$100.000,5,337
1983,Cologne,1983-10-24,$75.000,4,332
1983,Tokyo-2,1983-10-24,$300.000,14,428
1983,Hong Kong,1983-10-31,$100.000,5,336
1983,Stockholm,1983-10-31,$250.000,13,429
1983,Taipei,1983-11-07,$75.000,3,333
1983,Wembley,1983-11-07,$250.000,13,430
1983,Ferrara,1983-11-14,$75.000,3,703
1983,Johannesburg,1983-11-21,$300.000,13,426
1983,Toulouse,1983-11-21,$75.000,3,327
1983,Australian Open,1983-11-29,$500.000,24,580
1983,Sydney-2,1983-12-12,$125.000,8,338
1983,Adelaide,1983-12-29,$75.000,3,7308
1983,Masters,1984-01-10,,Not ranked,605
1984,Auckland,1984-01-09,$75.000,3,301
1984,Philadelphia,1984-01-23,$300.000,10,401
1984,Richmond WCT,1984-02-01,$100.000,Not ranked,802
1984,Memphis,1984-02-06,$250.000,9,402
1984,La Quinta,1984-02-13,$200.000,10,404
1984,Madrid,1984-02-27,$200.000,7,309
1984,Brussels,1984-03-05,$250.000,8,406
1984,Metz,1984-03-12,$75.000,3,7305
1984,Rotterdam,1984-03-12,$250.000,8,407
1984,Milan,1984-03-19,$350.000,10,408
1984,Boca Raton,1984-03-26,$300.000,8,718
1984,Bari,1984-04-02,$75.000,3,306
1984,Houston WCT,1984-04-02,$250.000,Not ranked,405
1984,Luxembourg,1984-04-09,$250.000,8,431
1984,Nice,1984-04-09,$75.000,3,6120
1984,Monte-Carlo,1984-04-16,$325.000,10,410
1984,Aix-en-Provence,1984-04-23,$75.000,3,342
1984,WCT Finals,1984-04-24,$500.000,Not ranked,610
1984,Forest Hills WCT,1984-05-06,$300.000,Not ranked,415
1984,Hamburg,1984-05-07,$300.000,10,414
1984,Florence,1984-05-07,$75.000,3,310
1984,Munich,1984-05-14,$75.000,3,308
1984,Rome,1984-05-13,$350.000,11,416
1984,Roland Garros,1984-05-28,$1.100.000,26,520
1984,Queen's Club,1984-06-11,$200.000,10,311
1984,Bristol,1984-06-18,$100.000,7,313
1984,Wimbledon,1984-06-25,$886.985,26,540
1984,Gstaad,1984-07-09,$125.000,4,314
1984,Newport,1984-07-09,$100.000,4,315
1984,Stuttgart,1984-07-16,$100.000,4,321
1984,Bastad,1984-07-16,$75.000,3,316
1984,Boston,1984-07-16,$200.000,7,417
1984,Washington,1984-07-23,$200.000,9,418
1984,Hilversum,1984-07-23,$75.000,3,317
1984,Kitzbuhel,1984-07-23,$100.000,5,319
1984,Livingston,1984-07-30,$75.000,3,318
1984,North Conway,1984-07-30,$200.000,10,705
1984,Cleveland,1984-08-06,$75.000,3,320
1984,Indianapolis,1984-08-06,$300.000,10,717
1984,Columbus,1984-08-13,$100.000,4,343
1984,Toronto,1984-08-13,$300.000,11,421
1984,Cincinnati,1984-08-20,$300.000,11,422
1984,US Open,1984-08-28,$1.130.676,28,560
1984,Los Angeles,1984-09-10,$200.000,8,423
1984,Palermo,1984-09-10,$100.000,4,325
1984,Tel Aviv,1984-09-10,$75.000,3,330
1984,Bordeaux,1984-09-17,$75.000,3,323
1984,Geneva,1984-09-17,$100.000,4,322
1984,San Francisco,1984-09-17,$200.000,7,424
1984,Honolulu,1984-09-24,$100.000,4,324
1984,Barcelona,1984-10-01,$200.000,10,425
1984,Brisbane,1984-10-01,$100.000,4,326
1984,Basel,1984-10-08,$125.000,5,328
1984,Sydney-1,1984-10-08,$225.000,7,427
1984,Tokyo-1,1984-10-08,$150.000,7,329
1984,Cologne,1984-10-15,$75.000,3,332
1984,Melbourne-1,1984-10-15,$150.000,7,9342
1984,Tokyo-2,1984-10-15,$300.000,9,428
1984,Hong Kong,1984-10-22,$200.000,7,336
1984,Vienna,1984-10-22,$100.000,4,337
1984,Stockholm,1984-10-29,$250.000,9,429
1984,Taipei,1984-10-29,$75.000,3,333
1984,Wembley,1984-11-05,$223.520,8,430
1984,Treviso,1984-11-12,$75.000,3,335
1984,Johannesburg,1984-11-19,$250.000,7,426
1984,Toulouse,1984-11-19,$100.000,4,327
1984,Australian Open,1984-11-26,$558.405,18,580
1984,Sydney-2,1984-12-10,$125.000,8,338
1984,Adelaide,1984-12-17,$75.000,3,7308
1984,Melbourne-2,1984-12-24,$75.000,3,340
1984,Masters,1985-01-08,$400.000,Not ranked,605
1985,Auckland,1985-01-07,$80.000,3,301
1985,Philadelphia,1985-01-21,$300.000,10,401
1985,Memphis,1985-01-28,$250.000,9,402
1985,Delray Beach,1985-02-04,$750.000,22,403
1985,La Quinta,1985-02-18,$300.000,11,404
1985,Toronto Indoor,1985-02-18,$200.000,5,302
1985,Houston,1985-02-25,$300.000,9,405
1985,Buenos Aires,1985-02-25,$80.000,3,303
1985,Brussels,1985-03-11,$250.000,7,406
1985,Rotterdam,1985-03-18,$250.000,8,407
1985,Nancy,1985-03-18,$75.000,3,304
1985,Milan,1985-03-25,$350.000,9,408
1985,Fort Myers,1985-03-25,$75.000,8,727
1985,Monte-Carlo,1985-04-01,$325.000,12,410
1985,Chicago,1985-04-01,$200.000,8,411
1985,Munich,1985-05-06,$75.000,4,308
1985,Nice,1985-04-08,$75.000,3,6120
1985,WCT Finals,1985-04-08,$500.000,Not ranked,610
1985,Bari,1985-04-15,$75.000,3,306
1985,Atlanta,1985-04-22,$100.000,9,412
1985,Marbella,1985-04-22,$75.000,4,307
1985,Las Vegas,1985-04-29,$200.000,11,413
1985,Hamburg,1985-04-29,$300.000,10,414
1985,Forest Hills,1985-05-06,$500.000,16,415
1985,Rome,1985-05-13,$350.000,13,416
1985,Madrid,1985-05-13,$200.000,3,309
1985,Florence,1985-05-20,$75.000,3,310
1985,Roland Garros,1985-05-27,$975.000,26,520
1985,Queen's Club,1985-06-10,$200.000,10,311
1985,Bologna,1985-06-10,$75.000,3,312
1985,Bristol,1985-06-17,$100.000,8,313
1985,Wimbledon,1985-06-24,$1.093.491,28,540
1985,Boston,1985-07-08,$200.000,9,417
1985,Gstaad,1985-07-08,$125.000,6,314
1985,Newport,1985-07-08,$100.000,4,315
1985,Washington,1985-07-15,$200.000,9,418
1985,Bastad,1985-07-15,$75.000,3,316
1985,Indianapolis,1985-07-22,$300.000,11,717
1985,Livingston,1985-07-22,$75.000,3,318
1985,Hilversum,1985-07-22,$75.000,3,317
1985,Stratton Mountain,1985-08-05,$200.000,8,420
1985,Kitzbuhel,1985-08-05,$100.000,9,319
1985,Montreal,1985-08-12,$300.000,11,421
1985,Cleveland,1985-08-12,$75.000,3,320
1985,Cincinnati,1985-08-19,$300.000,12,422
1985,US Open,1985-08-27,$3.073.500,28,560
1985,Stuttgart,1985-09-09,$100.000,4,321
1985,Palermo,1985-09-09,$100.000,4,325
1985,Los Angeles,1985-09-16,$200.000,8,423
1985,Geneva,1985-09-16,$100.000,4,322
1985,Bordeaux,1985-09-16,$75.000,3,323
1985,San Francisco,1985-09-23,$200.000,8,424
1985,Barcelona,1985-09-23,$200.000,10,425
1985,Johannesburg,1985-10-07,$250.000,7,426
1985,Toulouse,1985-10-07,$100.000,5,327
1985,Brisbane,1985-10-07,$100.000,3,326
1985,Sydney-1,1985-10-14,$225.000,8,427
1985,Basel,1985-10-14,$125.000,6,328
1985,Tokyo-1,1985-10-14,$150.000,8,329
1985,Tel Aviv,1985-10-14,$75.000,3,330
1985,Tokyo-2,1985-10-21,$300.000,9,428
1985,Melbourne-1,1985-10-21,$150.000,4,9342
1985,Cologne,1985-10-21,$75.000,3,332
1985,Stockholm,1985-11-04,$250.000,9,429
1985,Wembley,1985-11-11,$223.520,9,430
1985,Hong Kong,1985-11-18,$200.000,7,336
1985,Vienna,1985-11-18,$100.000,5,337
1985,Australian Open,1985-11-25,$645.225,18,580
1985,Sydney-2,1985-12-09,$125.000,7,338
1985,Adelaide,1985-12-16,$75.000,3,7308
1985,Melbourne-2,1985-12-23,$75.000,3,340
1985,Masters,1986-01-14,$500.000,Not ranked,605
1986,Auckland,1986-01-06,$85.000,3,301
1986,Philadelphia,1986-01-27,$375.000,11,401
1986,Memphis,1986-02-03,$250.000,9,402
1986,Toronto-1,1986-02-03,$125.000,5,302
1986,Boca Raton,1986-02-10,$750.000,22,403
1986,La Quinta,1986-02-24,$300.000,11,404
1986,Milan,1986-03-10,$350.000,9,408
1986,Metz,1986-03-10,$75.000,3,7305
1986,Fort Myers,1986-03-17,$75.000,8,727
1986,Brussels,1986-03-17,$250.000,8,406
1986,Rotterdam,1986-03-24,$250.000,8,407
1986,Chicago,1986-03-24,$200.000,8,411
1986,Atlanta,1986-03-31,$100.000,7,412
1986,Cologne,1986-03-31,$75.000,4,332
1986,WCT Finals,1986-04-07,$500.000,Not ranked,610
1986,Bari,1986-04-07,$75.000,3,306
1986,Nice,1986-04-14,$75.000,3,6120
1986,Monte-Carlo,1986-04-21,$325.000,11,410
1986,Indianapolis,1986-04-28,$300.000,11,717
1986,Madrid,1986-04-28,$200.000,3,309
1986,Forest Hills,1986-05-05,$500.000,Not ranked,415
1986,Munich,1986-05-05,$75.000,4,308
1986,Rome,1986-05-12,$350.000,13,416
1986,Florence,1986-05-19,$75.000,3,310
1986,Roland Garros,1986-05-26,$1.125.000,28,520
1986,Queen's Club,1986-06-09,$200.000,10,311
1986,Bologna,1986-06-09,$75.000,3,312
1986,Bristol,1986-06-16,$100.000,5,313
1986,Athens,1986-06-16,$75.000,5,367
1986,Wimbledon,1986-06-23,$1.306.690,28,540
1986,Gstaad,1986-07-07,$125.000,7,314
1986,Bordeaux,1986-07-07,$75.000,5,323
1986,Newport,1986-07-07,$100.000,4,315
1986,Boston,1986-07-21,$200.000,9,417
1986,Livingston,1986-07-21,$75.000,3,318
1986,Bastad,1986-07-21,$75.000,6,316
1986,Washington,1986-07-28,$200.000,9,418
1986,Hilversum,1986-07-28,$75.000,4,317
1986,Stratton Mountain,1986-08-04,$200.000,11,420
1986,Kitzbuhel,1986-08-04,$100.000,9,319
1986,Toronto-2,1986-08-11,$125.000,11,421
1986,St. Vincent,1986-08-11,$75.000,3,366
1986,Cincinnati,1986-08-18,$300.000,13,422
1986,US Open,1986-08-26,$1.400.000,28,560
1986,Stuttgart,1986-09-08,$100.000,6,321
1986,Geneva,1986-09-08,$100.000,7,322
1986,Los Angeles,1986-09-15,$200.000,8,423
1986,Hamburg,1986-09-15,$300.000,11,414
1986,San Francisco,1986-09-22,$200.000,7,424
1986,Barcelona,1986-09-22,$200.000,10,425
1986,Palermo,1986-09-29,$100.000,4,325
1986,Tel Aviv,1986-10-06,$75.000,3,330
1986,Toulouse,1986-10-06,$100.000,6,327
1986,Scottsdale,1986-10-06,$100.000,7,433
1986,Sydney,1986-10-13,$225.000,8,427
1986,Basel,1986-10-13,$125.000,6,328
1986,Tokyo-1,1986-10-13,$150.000,8,329
1986,Tokyo-2,1986-10-20,$300.000,9,428
1986,Vienna,1986-10-20,$100.000,5,337
1986,Paris,1986-10-27,$250.000,13,352
1986,Hong Kong,1986-10-27,$200.000,7,336
1986,Stockholm,1986-11-03,$250.000,11,429
1986,Wembley,1986-11-10,$223.520,9,430
1986,Buenos Aires,1986-11-10,$80.000,3,303
1986,Johannesburg,1986-11-17,$250.000,9,426
1986,Houston,1986-11-17,$300.000,7,405
1986,Itaparica,1986-11-24,$75.000,5,240
1986,Masters,1986-12-01,$500.000,Not ranked,605
1986,nan,1900-01-01,,nan,
1987,Auckland,1987-01-05,$115.000,3,301
1987,Adelaide,1986-12-30,$93.400,3,7308
1987,Australian Open,1987-01-12,$699.984,19,580
1987,Sydney-1,1987-01-26,$93.400,3,338
1987,Guaruja,1987-01-26,$89.400,4,201
1987,Lyon,1987-02-02,$150.000,6,7309
1987,Philadelphia,1987-02-02,$375.000,12,401
1987,Memphis,1987-02-09,$250.000,9,402
1987,Indian Wells,1987-02-16,$250.000,12,404
1987,Key Biscayne,1987-02-23,$500.000,22,403
1987,Orlando,1987-03-16,$100.000,8,409
1987,Rotterdam,1987-03-16,$250.000,8,407
1987,Brussels,1987-03-23,$250.000,8,406
1987,Nancy,1987-03-23,$75.000,4,304
1987,Chicago,1987-03-30,$200.000,8,411
1987,Milan,1987-03-30,$350.000,8,408
1987,Bari,1987-04-06,$75.000,3,306
1987,WCT Finals,1987-04-07,$500.000,Not ranked,610
1987,Nice,1987-04-13,$75.000,3,6120
1987,Tokyo-1,1987-04-13,$150.000,13,329
1987,Monte-Carlo,1987-04-20,$415.000,13,410
1987,Seoul,1987-04-20,$100.000,4,434
1987,Hamburg,1987-04-27,$300.000,11,414
1987,Munich,1987-05-04,$75.000,6,308
1987,Forest Hills,1987-05-04,$500.000,Not ranked,415
1987,Rome,1987-05-11,$350.000,15,416
1987,Florence,1987-05-18,$75.000,3,310
1987,Roland Garros,1987-05-25,$1.325.000,30,520
1987,Queen's Club,1987-06-08,$200.000,11,311
1987,Bologna,1987-06-08,$75.000,3,312
1987,Bristol,1987-06-15,$100.000,4,313
1987,Athens,1987-06-15,$75.000,5,367
1987,Wimbledon,1987-06-22,$1.467.542,30,540
1987,Gstaad,1987-07-06,$125.000,7,314
1987,Boston,1987-07-06,$200.000,9,417
1987,Newport,1987-07-06,$100.000,4,315
1987,Bordeaux,1987-07-13,$75.000,6,323
1987,Stuttgart,1987-07-13,$100.000,9,321
1987,Indianapolis,1987-07-13,$300.000,12,717
1987,Livingston,1987-07-13,$75.000,3,318
1987,Schenectady,1987-07-20,$75.000,4,224
1987,Washington,1987-07-27,$200.000,9,418
1987,Bastad,1987-07-27,$75.000,7,316
1987,Hilversum,1987-07-27,$75.000,6,317
1987,Kitzbuhel,1987-08-03,$100.000,10,319
1987,Stratton Mountain,1987-08-03,$200.000,8,420
1987,Montreal,1987-08-10,$300.000,11,421
1987,St. Vincent,1987-08-10,$75.000,5,366
1987,Prague,1987-08-10,$75.000,6,379
1987,Cincinnati,1987-08-17,$300.000,13,422
1987,Rye Brook,1987-08-24,$75.000,4,435
1987,US Open,1987-09-01,$3.979.294,32,560
1987,Geneva,1987-09-14,$100.000,7,322
1987,Madrid,1987-09-14,$200.000,4,309
1987,Los Angeles,1987-09-21,$200.000,8,423
1987,Barcelona,1987-09-21,$200.000,9,425
1987,Palermo,1987-09-28,$100.000,4,325
1987,San Francisco,1987-09-28,$200.000,8,424
1987,Scottsdale,1987-10-05,$100.000,7,433
1987,Basel,1987-10-05,$125.000,7,328
1987,Brisbane,1987-10-05,$100.000,6,326
1987,Toulouse,1987-10-12,$100.000,7,327
1987,Sydney-2,1987-10-12,$93.400,8,427
1987,Tel Aviv,1987-10-12,$75.000,4,330
1987,Vienna,1987-10-19,$100.000,6,337
1987,Tokyo-2,1987-10-20,$300.000,9,428
1987,Hong Kong,1987-10-26,$200.000,7,336
1987,Paris,1987-11-02,$250.000,16,352
1987,Stockholm,1987-11-02,$250.000,14,429
1987,Sao Paulo,1987-11-09,$75.000,4,237
1987,Frankfurt,1987-11-10,$75.000,6,348
1987,Wembley,1987-11-10,$223.520,10,430
1987,Buenos Aires,1987-11-16,$80.000,3,303
1987,Johannesburg,1987-11-16,$250.000,9,426
1987,Itaparica,1987-11-23,$75.000,12,240
1987,Masters,1987-12-02,$500.000,Not ranked,605
1988,Wellington,1987-12-28,$115.000,5,354
1988,Adelaide,1987-12-28,$93.400,4,7308
1988,Sydney-1,1988-01-04,$93.400,4,338
1988,Auckland,1988-01-04,$93.400,4,301
1988,Australian Open,1988-01-11,$699.984,24,580
1988,Guaruja,1988-01-25,$93.400,4,201
1988,Lyon,1988-02-08,$150.000,8,7309
1988,Rotterdam,1988-02-08,$250.000,10,407
1988,Milan,1988-02-15,$350.000,11,408
1988,Memphis,1988-02-15,$250.000,11,402
1988,Philadelphia,1988-02-22,$375.000,15,401
1988,Metz,1988-02-22,$75.000,5,7305
1988,Indian Wells,1988-02-29,$250.000,17,404
1988,Orlando,1988-03-07,$100.000,10,409
1988,Key Biscayne,1988-03-14,$500.000,24,403
1988,WCT Finals,1988-03-28,$500.000,Not ranked,610
1988,Tokyo-1,1988-04-11,$150.000,16,329
1988,Nice,1988-04-11,$75.000,6,6120
1988,Madrid,1988-04-11,$200.000,5,309
1988,Monte-Carlo,1988-04-18,$375.000,13,410
1988,Seoul,1988-04-18,$100.000,5,434
1988,Hamburg,1988-04-25,$300.000,16,414
1988,Charleston,1988-04-25,$100.000,7,717
1988,Munich,1988-05-02,$75.000,8,308
1988,Forest Hills,1988-05-02,$485.000,Not ranked,415
1988,Rome,1988-05-09,$350.000,19,416
1988,Florence,1988-05-16,$75.000,4,310
1988,Roland Garros,1988-05-23,$1.645.000,34,520
1988,Queen's Club,1988-06-06,$200.000,13,311
1988,Bologna,1988-06-06,$75.000,2,312
1988,Bristol,1988-06-13,$100.000,4,313
1988,Athens,1988-06-13,$75.000,5,367
1988,Wimbledon,1988-06-20,$1.815.396,34,540
1988,Gstaad,1988-07-04,$125.000,8,314
1988,Boston,1988-07-04,$200.000,13,417
1988,Newport,1988-07-04,$100.000,5,315
1988,Bastad,1988-07-11,$75.000,9,316
1988,Stuttgart,1988-07-11,$100.000,10,321
1988,Washington,1988-07-18,$200.000,12,418
1988,Schenectady,1988-07-18,$75.000,4,224
1988,Hilversum,1988-07-25,$75.000,6,317
1988,Bordeaux,1988-07-25,$75.000,8,323
1988,Stratton Mountain,1988-07-25,$200.000,16,420
1988,Kitzbuhel,1988-08-01,$100.000,12,319
1988,Indianapolis,1988-08-01,$300.000,13,419
1988,Toronto,1988-08-08,$300.000,15,421
1988,St. Vincent,1988-08-08,$75.000,6,366
1988,Prague,1988-08-08,$75.000,6,379
1988,Cincinnati,1988-08-15,$300.000,17,422
1988,Livingston,1988-08-15,$75.000,4,318
1988,Rye Brook,1988-08-22,$75.000,4,435
1988,US Open,1988-08-29,$1.683.333,34,560
1988,Barcelona,1988-09-12,$200.000,13,425
1988,Geneva,1988-09-19,$100.000,7,322
1988,Los Angeles,1988-09-19,$200.000,10,423
1988,Bari,1988-09-19,$75.000,4,306
1988,Seoul Olympics,1988-09-19,$100.000,Not ranked,96
1988,San Francisco,1988-09-26,$200.000,10,424
1988,Palermo,1988-09-26,$100.000,4,325
1988,Brisbane,1988-10-04,$100.000,6,326
1988,Scottsdale,1988-10-03,$100.000,Not ranked,433
1988,Basel,1988-10-04,$125.000,8,328
1988,Toulouse,1988-10-10,$100.000,8,327
1988,Sydney-2,1988-10-10,$93.400,12,427
1988,Tel Aviv,1988-10-10,$75.000,5,330
1988,Vienna,1988-10-17,$100.000,6,337
1988,Frankfurt,1988-10-17,$75.000,6,348
1988,Tokyo-2,1988-10-18,$300.000,13,428
1988,Paris,1988-10-24,$250.000,20,352
1988,Sao Paulo,1988-10-31,$75.000,5,237
1988,Stockholm,1988-10-31,$250.000,16,429
1988,Buenos Aires,1988-11-07,$80.000,4,303
1988,Wembley,1988-11-08,$223.520,10,430
1988,Johannesburg,1988-11-14,$250.000,13,426
1988,Detroit,1988-11-14,$75.000,10,437
1988,Itaparica,1988-11-21,$75.000,8,240
1988,Brussels,1988-11-21,$250.000,11,406
1988,Masters,1988-11-30,$500.000,Not ranked,605
1988,nan,1900-01-01,,nan,
1989,Wellington,1989-01-02,$115.000,6,354
1989,Adelaide,1989-01-02,$93.400,4,7308
1989,Sydney-1,1989-01-09,$115.000,5,338
1989,Auckland,1989-01-09,$115.000,6,301
1989,Australian Open,1989-01-16,$933.342,25,580
1989,Guaruja,1989-02-06,$93.400,4,201
1989,Rotterdam,1989-02-06,$300.000,10,407
1989,Milan,1989-02-13,$300.000,11,408
1989,Memphis,1989-02-13,$250.000,11,402
1989,Lyon,1989-02-20,$261.000,9,7309
1989,Philadelphia,1989-02-20,$500.000,15,401
1989,Nancy,1989-02-27,$150.000,5,304
1989,WCT Finals,1989-02-28,$500.000,Not ranked,610
1989,Scottsdale,1989-03-06,$250.000,10,433
1989,Indian Wells,1989-03-13,$300.000,17,404
1989,Key Biscayne,1989-03-20,$500.000,24,403
1989,Athens,1989-04-10,$125.000,4,367
1989,Rio de Janeiro,1989-04-10,$150.000,7,215
1989,Seoul,1989-04-10,$150.000,4,434
1989,Nice,1989-04-17,$150.000,6,6120
1989,Tokyo-1,1989-04-17,$200.000,15,329
1989,Monte-Carlo,1989-04-24,$400.000,15,410
1989,Singapore,1989-04-24,$150.000,5,456
1989,Munich,1989-05-01,$150.000,8,308
1989,Forest Hills,1989-05-01,$300.000,Not ranked,415
1989,Hamburg,1989-05-08,$300.000,17,414
1989,Charleston,1989-05-08,$150.000,7,717
1989,Rome,1989-05-15,$400.000,20,416
1989,Florence,1989-05-22,$125.000,4,310
1989,Roland Garros,1989-05-29,$1.945.000,37,520
1989,Queen's Club,1989-06-12,$250.000,13,311
1989,Bologna,1989-06-12,$125.000,4,312
1989,Bristol,1989-06-19,$150.000,4,313
1989,Bari,1989-06-19,$125.000,4,306
1989,Wimbledon,1989-06-26,$2.204.162,39,540
1989,Gstaad,1989-07-10,$150.000,9,314
1989,Boston,1989-07-10,$200.000,12,417
1989,Newport,1989-07-10,$100.000,5,315
1989,Schenectady,1989-07-17,$75.000,4,224
1989,Washington,1989-07-24,$250.000,12,418
1989,Hilversum,1989-07-24,$150.000,6,317
1989,Stuttgart,1989-07-24,$200.000,10,321
1989,Kitzbuhel,1989-07-31,$150.000,13,319
1989,Bastad,1989-07-31,$150.000,9,316
1989,Stratton Mountain,1989-07-31,$200.000,17,420
1989,Livingston,1989-08-07,$100.000,4,318
1989,Prague,1989-08-07,$150.000,6,379
1989,Indianapolis,1989-08-07,$300.000,13,419
1989,Montreal,1989-08-14,$300.000,18,421
1989,St. Vincent,1989-08-14,$100.000,6,366
1989,Cincinnati,1989-08-14,$300.000,17,422
1989,San Marino,1989-08-21,$100.000,4,475
1989,US Open,1989-08-28,$2.000.000,37,560
1989,Madrid,1989-09-11,$200.000,7,309
1989,Geneva,1989-09-11,$125.000,7,322
1989,Barcelona,1989-09-18,$250.000,13,425
1989,Los Angeles,1989-09-18,$250.000,10,423
1989,San Francisco,1989-09-25,$200.000,10,424
1989,Bordeaux,1989-09-25,$150.000,8,323
1989,Palermo,1989-09-25,$125.000,7,325
1989,Brisbane,1989-10-02,$125.000,6,326
1989,Orlando,1989-10-02,$150.000,10,409
1989,Basel,1989-10-03,$150.000,11,328
1989,Toulouse,1989-10-09,$150.000,8,327
1989,Sydney-2,1989-10-09,$115.000,11,427
1989,Tel Aviv,1989-10-16,$150.000,5,330
1989,Vienna,1989-10-16,$200.000,8,337
1989,Tokyo-2,1989-10-17,$500.000,14,428
1989,Frankfurt,1989-10-23,$150.000,7,348
1989,Paris,1989-10-30,$1.000.000,22,352
1989,Wembley,1989-11-07,$250.000,12,430
1989,Sao Paulo,1989-11-06,$150.000,5,237
1989,Stockholm,1989-11-06,$832.500,17,429
1989,Johannesburg,1989-11-13,$250.000,12,426
1989,Itaparica,1989-11-20,$125.000,8,240
1989,Masters,1989-11-28,$500.000,Not ranked,605
