Pagina con link,URL di destinazione (se diverso)
https://1--breast--enhancement--photo.blogspot.com/?page=en-postcsr-how-can-users-get-the-1769356750597,N/D
https://22mrioresourcescashadvance.blogspot.com/?page=en-postcsr-how-can-users-get-the-1769356750597,N/D
https://aabrainflly.blogspot.com/?page=en-postcsr-how-can-users-get-the-1769356750597,N/D
https://aabraingpej.blogspot.com/?page=en-postcsr-how-can-users-get-the-1769356750597,N/D
https://aabrainktll.blogspot.com/?page=en-git-tennismylife-tml-database-1769195039573,N/D
https://aligarh-edu-donnelly.blogspot.com/?page=en-git-tennismylife-tml-database-1769195039573,N/D
https://aljouf-edu-blanche.blogspot.com/?page=en-postcsr-how-can-users-get-the-1769356750597,N/D
https://answjbhar.blogspot.com/?page=en-git-tennismylife-tml-database-1769195039573,N/D
https://askberectangle.blogspot.com/?page=en-postcsr-how-can-users-get-the-1769356750597,N/D
https://askentry.blogspot.com/?page=en-postcsr-how-can-users-get-the-1769356750597,N/D
https://askgqcudt.blogspot.com/?page=en-git-tennismylife-tml-database-1769195039573,N/D
https://askictgot.blogspot.com/?page=en-git-tennismylife-tml-database-1769195039573,N/D
https://askjeeveves.blogspot.com/?page=en-postcsr-how-can-users-get-the-1769356750597,N/D
https://askmpzfbi.blogspot.com/?page=en-postcsr-how-can-users-get-the-1769356750597,N/D
https://asknajaqiw.blogspot.com/?page=en-postcsr-how-can-users-get-the-1769356750597,N/D
https://asknajqfgq.blogspot.com/?page=en-postcsr-where-can-users-find-the-1769356750360,N/D
https://asknasxqvw.blogspot.com/?page=en-postcsr-how-can-users-get-the-1769356750597,N/D
https://asknbecsoz.blogspot.com/?page=en-postcsr-where-can-users-find-the-1769356750360,N/D
https://asknbjqph.blogspot.com/?page=en-git-tennismylife-tml-database-1769195039573,N/D
https://asknbshwmj.blogspot.com/?page=en-postcsr-where-can-users-find-the-1769356750360,N/D
https://askncefkhk.blogspot.com/?page=en-git-tennismylife-tml-database-1769195039573,N/D
https://askneosuos.blogspot.com/?page=en-postcsr-where-can-users-find-the-1769356750360&m=1,N/D
https://asknfjbuas.blogspot.com/?page=en-postcsr-where-can-users-find-the-1769356750360,N/D
https://asknfmwjjw.blogspot.com/?page=en-postcsr-how-can-users-get-the-1769356750597,N/D
https://askniazvho.blogspot.com/?page=en-postcsr-how-can-users-get-the-1769356750597,N/D
https://asknjfobkg.blogspot.com/?page=en-postcsr-how-can-users-get-the-1769356750597,N/D
https://asknjvouzz.blogspot.com/?page=en-postcsr-how-can-users-get-the-1769356750597,N/D
https://asknnvcsze.blogspot.com/?page=en-postcsr-how-can-users-get-the-1769356750597,N/D
https://asknocpjpj.blogspot.com/?page=en-postcsr-how-can-users-get-the-1769356750597,N/D
https://asknriioqt.blogspot.com/?page=en-git-tennismylife-tml-database-1769195039573,N/D
https://asknrnwdqz.blogspot.com/?page=en-postcsr-how-can-users-get-the-1769356750597,N/D
https://askntepzos.blogspot.com/?page=en-postcsr-how-can-users-get-the-1769356750597,N/D
https://asknwgqhow.blogspot.com/?page=en-postcsr-where-can-users-find-the-1769356750360,N/D
https://asknwosvme.blogspot.com/?page=en-postcsr-how-can-users-get-the-1769356750597,N/D
https://asknxmlbwv.blogspot.com/?page=en-git-tennismylife-tml-database-1769195039573,N/D
https://asksoajqe.blogspot.com/?page=en-postcsr-where-can-users-find-the-1769356750360,N/D
https://asktogtos.blogspot.com/?page=en-git-tennismylife-tml-database-1769195039573,N/D
https://askvacjnlh.blogspot.com/?page=en-postcsr-where-can-users-find-the-1769356750360&m=1,N/D
https://askvadthmf.blogspot.com/?page=en-postcsr-where-can-users-find-the-1769356750360,N/D
https://askvayrclu.blogspot.com/?page=en-postcsr-where-can-users-find-the-1769356750360,N/D
https://askvcfcqnk.blogspot.com/?page=en-postcsr-where-can-users-find-the-1769356750360,N/D
https://askvdsssla.blogspot.com/?page=en-postcsr-where-can-users-find-the-1769356750360,N/D
https://askvegbezd.blogspot.com/?page=en-postcsr-where-can-users-find-the-1769356750360,N/D
https://askvfbpmwj.blogspot.com/?page=en-postcsr-where-can-users-find-the-1769356750360,N/D
https://askvfmhmvy.blogspot.com/?page=en-postcsr-where-can-users-find-the-1769356750360,N/D
https://askvgdzmaa.blogspot.com/?page=en-postcsr-where-can-users-find-the-1769356750360,N/D
https://askvguecsv.blogspot.com/?page=en-postcsr-where-can-users-find-the-1769356750360,N/D
https://askvgydirl.blogspot.com/?page=en-postcsr-where-can-users-find-the-1769356750360&m=1,N/D
https://askviapoox.blogspot.com/?page=en-postcsr-where-can-users-find-the-1769356750360,N/D
https://askvionqte.blogspot.com/?page=en-postcsr-where-can-users-find-the-1769356750360,N/D
https://askvisxixv.blogspot.com/?page=en-postcsr-where-can-users-find-the-1769356750360,N/D
https://askvixvnmx.blogspot.com/?page=en-postcsr-how-can-users-get-the-1769356750597,N/D
https://askvmetwel.blogspot.com/?page=en-postcsr-how-can-users-get-the-1769356750597,N/D
https://askvnldkxw.blogspot.com/?page=en-postcsr-how-can-users-get-the-1769356750597,N/D
https://askvnradwr.blogspot.com/?page=en-postcsr-how-can-users-get-the-1769356750597,N/D
https://askvsxyhoy.blogspot.com/?page=en-postcsr-how-can-users-get-the-1769356750597,N/D
https://askvtgpegc.blogspot.com/?page=en-postcsr-how-can-users-get-the-1769356750597,N/D
https://askxwloqg.blogspot.com/?page=en-postcsr-how-can-users-get-the-1769356750597,N/D
https://assalshsj.blogspot.com/?page=en-postcsr-how-can-users-get-the-1769356750597,N/D
https://assamqhzw.blogspot.com/?page=en-postcsr-how-can-users-get-the-1769356750597,N/D
https://assbtrefr.blogspot.com/?page=en-postcsr-how-can-users-get-the-1769356750597,N/D
https://assbxzsvy.blogspot.com/?page=en-postcsr-how-can-users-get-the-1769356750597,N/D
https://assfyhihp.blogspot.com/?page=en-postcsr-how-can-users-get-the-1769356750597,N/D
https://assjhyvov.blogspot.com/?page=en-git-tennismylife-tml-database-1769195039573,N/D
https://asskamorbo.blogspot.com/?page=en-postcsr-how-can-users-get-the-1769356750597,N/D
https://asskamyvtu.blogspot.com/?page=en-postcsr-how-can-users-get-the-1769356750597,N/D
https://asskapmarw.blogspot.com/?page=en-postcsr-how-can-users-get-the-1769356750597,N/D
https://asskbptyj.blogspot.com/?page=en-postcsr-how-can-users-get-the-1769356750597,N/D
https://asskbslfh.blogspot.com/?page=en-git-tennismylife-tml-database-1769195039573,N/D
https://asskbzqsb.blogspot.com/?page=en-postcsr-how-can-users-get-the-1769356750597,N/D
https://asskcnfbas.blogspot.com/?page=en-postcsr-how-can-users-get-the-1769356750597,N/D
https://asskcqgfx.blogspot.com/?page=en-postcsr-how-can-users-get-the-1769356750597,N/D
https://asskcregyl.blogspot.com/?page=en-postcsr-how-can-users-get-the-1769356750597,N/D
https://asskdctfpi.blogspot.com/?page=en-postcsr-where-can-users-find-the-1769356750360,N/D
https://asskdjkihx.blogspot.com/?page=en-postcsr-how-can-users-get-the-1769356750597,N/D
https://asskdocusk.blogspot.com/?page=en-postcsr-how-can-users-get-the-1769356750597,N/D
https://asskdynta.blogspot.com/?page=en-postcsr-how-can-users-get-the-1769356750597,N/D
https://asskffkzop.blogspot.com/?page=en-postcsr-where-can-users-find-the-1769356750360,N/D
https://asskfgwati.blogspot.com/?page=en-postcsr-how-can-users-get-the-1769356750597,N/D
https://asskfpuczs.blogspot.com/?page=en-postcsr-how-can-users-get-the-1769356750597,N/D
https://asskfvlpku.blogspot.com/?page=en-postcsr-how-can-users-get-the-1769356750597,N/D
https://asskgdgqdx.blogspot.com/?page=en-postcsr-where-can-users-find-the-1769356750360,N/D
https://asskgfbtcq.blogspot.com/?page=en-git-tennismylife-tml-database-1769195039573,N/D
https://asskgrqzdz.blogspot.com/?page=en-postcsr-how-can-users-get-the-1769356750597,N/D
https://asskhchft.blogspot.com/?page=en-postcsr-how-can-users-get-the-1769356750597,N/D
https://asskhhoeyn.blogspot.com/?page=en-postcsr-how-can-users-get-the-1769356750597,N/D
https://asskhvmkww.blogspot.com/?page=en-git-tennismylife-tml-database-1769195039573,N/D
https://asskhzdsqz.blogspot.com/?page=en-postcsr-where-can-users-find-the-1769356750360&m=1,N/D
https://asskicweav.blogspot.com/?page=en-postcsr-where-can-users-find-the-1769356750360,N/D
https://asskisjrwh.blogspot.com/?page=en-postcsr-how-can-users-get-the-1769356750597,N/D
https://asskisxag.blogspot.com/?page=en-postcsr-how-can-users-get-the-1769356750597,N/D
https://asskjcoll.blogspot.com/?page=en-postcsr-how-can-users-get-the-1769356750597,N/D
https://asskjqlezi.blogspot.com/?page=en-postcsr-how-can-users-get-the-1769356750597,N/D
https://asskjvylrr.blogspot.com/?page=en-postcsr-how-can-users-get-the-1769356750597,N/D
https://asskkhldir.blogspot.com/?page=en-postcsr-where-can-users-find-the-1769356750360,N/D
https://asskkiqcsf.blogspot.com/?page=en-postcsr-how-can-users-get-the-1769356750597,N/D
https://asskkssnpr.blogspot.com/?page=en-postcsr-how-can-users-get-the-1769356750597,N/D
https://assklkcpgy.blogspot.com/?page=en-postcsr-how-can-users-get-the-1769356750597,N/D
https://assklvsmtd.blogspot.com/?page=en-postcsr-how-can-users-get-the-1769356750597,N/D
https://assklyxqw.blogspot.com/?page=en-postcsr-how-can-users-get-the-1769356750597,N/D
https://assklzvfcv.blogspot.com/?page=en-postcsr-where-can-users-find-the-1769356750360,N/D
https://asskmaicfo.blogspot.com/?page=en-postcsr-where-can-users-find-the-1769356750360,N/D
https://asskmlqqu.blogspot.com/?page=en-postcsr-how-can-users-get-the-1769356750597,N/D
https://asskmpoltp.blogspot.com/?page=en-postcsr-how-can-users-get-the-1769356750597,N/D
https://asskmxkmsc.blogspot.com/?page=en-postcsr-where-can-users-find-the-1769356750360,N/D
https://asskmzorj.blogspot.com/?page=en-postcsr-where-can-users-find-the-1769356750360,N/D
https://asskngnad.blogspot.com/?page=en-postcsr-how-can-users-get-the-1769356750597,N/D
https://assknqjonu.blogspot.com/?page=en-postcsr-how-can-users-get-the-1769356750597,N/D
https://asskolexj.blogspot.com/?page=en-postcsr-where-can-users-find-the-1769356750360,N/D
https://asskoycogm.blogspot.com/?page=en-postcsr-where-can-users-find-the-1769356750360,N/D
https://asskpbzhgj.blogspot.com/?page=en-postcsr-how-can-users-get-the-1769356750597,N/D
https://asskprule.blogspot.com/?page=en-git-tennismylife-tml-database-1769195039573,N/D
https://asskpuruj.blogspot.com/?page=en-postcsr-how-can-users-get-the-1769356750597,N/D
https://asskpxszhs.blogspot.com/?page=en-git-tennismylife-tml-database-1769195039573,N/D
https://asskqihlu.blogspot.com/?page=en-postcsr-how-can-users-get-the-1769356750597,N/D
https://asskqmyymd.blogspot.com/?page=en-postcsr-how-can-users-get-the-1769356750597,N/D
https://asskqnipll.blogspot.com/?page=en-postcsr-how-can-users-get-the-1769356750597,N/D
https://asskrbahcb.blogspot.com/?page=en-postcsr-how-can-users-get-the-1769356750597,N/D
https://asskrlase.blogspot.com/?page=en-postcsr-how-can-users-get-the-1769356750597,N/D
https://asskrlkvwh.blogspot.com/?page=en-postcsr-how-can-users-get-the-1769356750597,N/D
https://asskrqorm.blogspot.com/?page=en-postcsr-how-can-users-get-the-1769356750597,N/D
https://asskruippx.blogspot.com/?page=en-postcsr-where-can-users-find-the-1769356750360,N/D
https://asskrvdsmv.blogspot.com/?page=en-postcsr-how-can-users-get-the-1769356750597,N/D
https://assksfqwgp.blogspot.com/?page=en-git-tennismylife-tml-database-1769195039573,N/D
https://asskspixm.blogspot.com/?page=en-git-tennismylife-tml-database-1769195039573,N/D
https://asskspuyir.blogspot.com/?page=en-git-tennismylife-tml-database-1769195039573,N/D
https://assktphljp.blogspot.com/?page=en-postcsr-how-can-users-get-the-1769356750597,N/D
https://assktwhytn.blogspot.com/?page=en-postcsr-how-can-users-get-the-1769356750597,N/D
https://assktxdrs.blogspot.com/?page=en-postcsr-how-can-users-get-the-1769356750597,N/D
https://asskuamjtz.blogspot.com/?page=en-postcsr-how-can-users-get-the-1769356750597,N/D
https://asskuhrqvi.blogspot.com/?page=en-postcsr-where-can-users-find-the-1769356750360,N/D
https://asskuqaifm.blogspot.com/?page=en-git-tennismylife-tml-database-1769195039573,N/D
https://asskuxdzk.blogspot.com/?page=en-git-tennismylife-tml-database-1769195039573,N/D
https://asskvonsr.blogspot.com/?page=en-postcsr-how-can-users-get-the-1769356750597,N/D
https://asskvrcib.blogspot.com/?page=en-postcsr-how-can-users-get-the-1769356750597,N/D
https://asskvusnjh.blogspot.com/?page=en-postcsr-how-can-users-get-the-1769356750597,N/D
https://asskvvbgyx.blogspot.com/?page=en-postcsr-where-can-users-find-the-1769356750360,N/D
https://asskvywjr.blogspot.com/?page=en-postcsr-how-can-users-get-the-1769356750597,N/D
https://asskwcoid.blogspot.com/?page=en-postcsr-how-can-users-get-the-1769356750597,N/D
https://asskwfhwfh.blogspot.com/?page=en-postcsr-how-can-users-get-the-1769356750597,N/D
https://asskwoamzv.blogspot.com/?page=en-git-tennismylife-tml-database-1769195039573,N/D
https://asskwxkhly.blogspot.com/?page=en-postcsr-where-can-users-find-the-1769356750360,N/D
https://asskxdlvkh.blogspot.com/?page=en-postcsr-how-can-users-get-the-1769356750597,N/D
https://asskxdtrui.blogspot.com/?page=en-postcsr-how-can-users-get-the-1769356750597&m=1,N/D
https://asskxfnmle.blogspot.com/?page=en-postcsr-how-can-users-get-the-1769356750597,N/D
https://asskxmvaoa.blogspot.com/?page=en-postcsr-how-can-users-get-the-1769356750597,N/D
https://asskxpcwfb.blogspot.com/?page=en-postcsr-how-can-users-get-the-1769356750597,N/D
https://asskyazigt.blogspot.com/?page=en-postcsr-how-can-users-get-the-1769356750597,N/D
https://asskypxxi.blogspot.com/?page=en-git-tennismylife-tml-database-1769195039573,N/D
https://asskysouqp.blogspot.com/?page=en-postcsr-where-can-users-find-the-1769356750360,N/D
https://asskyvdlm.blogspot.com/?page=en-postcsr-how-can-users-get-the-1769356750597,N/D
https://asskyxbmt.blogspot.com/?page=en-postcsr-how-can-users-get-the-1769356750597,N/D
https://asskyycvqv.blogspot.com/?page=en-postcsr-where-can-users-find-the-1769356750360,N/D
https://asskzuuged.blogspot.com/?page=en-postcsr-how-can-users-get-the-1769356750597,N/D
https://asskzvgpxv.blogspot.com/?page=en-postcsr-how-can-users-get-the-1769356750597,N/D
https://asskzxafi.blogspot.com/?page=en-postcsr-where-can-users-find-the-1769356750360,N/D
https://assloottz.blogspot.com/?page=en-postcsr-how-can-users-get-the-1769356750597,N/D
https://assmdfeeu.blogspot.com/?page=en-postcsr-how-can-users-get-the-1769356750597,N/D
https://assnmnnji.blogspot.com/?page=en-postcsr-how-can-users-get-the-1769356750597,N/D
https://asspbojry.blogspot.com/?page=en-postcsr-how-can-users-get-the-1769356750597,N/D
https://assroxuya.blogspot.com/?page=en-git-tennismylife-tml-database-1769195039573,N/D
https://assscijrg.blogspot.com/?page=en-postcsr-how-can-users-get-the-1769356750597,N/D
https://asstbsjsn.blogspot.com/?page=en-postcsr-how-can-users-get-the-1769356750597,N/D
https://asstrwdnz.blogspot.com/?page=en-postcsr-how-can-users-get-the-1769356750597,N/D
https://asstygmjo.blogspot.com/?page=en-postcsr-how-can-users-get-the-1769356750597,N/D
https://asswpczfz.blogspot.com/?page=en-git-tennismylife-tml-database-1769195039573,N/D
https://atalbanysuny-edu-angelena.blogspot.com/?page=en-postcsr-how-can-users-get-the-1769356750597,N/D
https://bangladesh-edu-dennison.blogspot.com/?page=en-postcsr-how-can-users-get-the-1769356750597,N/D
https://beijing-edu-natashia.blogspot.com/?page=en-postcsr-how-can-users-get-the-1769356750597,N/D
https://beijingjiaotong-edu-trina.blogspot.com/?page=en-postcsr-how-can-users-get-the-1769356750597,N/D
https://bournemouth-edu-pannell.blogspot.com/?page=en-postcsr-how-can-users-get-the-1769356750597,N/D
https://carleasingbozeman.blogspot.com/?page=en-postcsr-how-can-users-get-the-1769356750597,N/D
https://chinapetroleum-edu-hwa.blogspot.com/?page=en-git-tennismylife-tml-database-1769195039573,N/D
https://chinesehongkong-edu-gamez.blogspot.com/?page=en-postcsr-how-can-users-get-the-1769356750597,N/D
https://cyrixmind.blogspot.com/?page=en-postcsr-how-can-users-get-the-1769356750597,N/D
https://dubai-edu-custer.blogspot.com/?page=en-postcsr-how-can-users-get-the-1769356750597,N/D
https://financial-edu-plummer.blogspot.com/?page=en-postcsr-how-can-users-get-the-1769356750597,N/D
https://galgotias-edu-delacruz.blogspot.com/?page=en-postcsr-where-can-users-find-the-1769356750360,N/D
https://germanjordanian-edu-place.blogspot.com/?page=en-postcsr-how-can-users-get-the-1769356750597,N/D
https://helwan-edu-trinh.blogspot.com/?page=en-postcsr-how-can-users-get-the-1769356750597,N/D
https://kharkiv-edu-sasha.blogspot.com/?page=en-postcsr-how-can-users-get-the-1769356750597,N/D
https://lalacortesdepelo.blogspot.com/?page=en-postcsr-how-can-users-get-the-1769356750597,N/D
https://lebanese-edu-rosenda.blogspot.com/?page=en-postcsr-where-can-users-find-the-1769356750360,N/D
https://leiden-edu-meza.blogspot.com/?page=en-postcsr-how-can-users-get-the-1769356750597,N/D
https://lodztechnology-edu-runyon.blogspot.com/?page=en-postcsr-how-can-users-get-the-1769356750597,N/D
https://luaazulmagica.blogspot.com/?page=en-postcsr-how-can-users-get-the-1769356750597,N/D
https://macquarie-edu-lorinda.blogspot.com/?page=en-postcsr-how-can-users-get-the-1769356750597,N/D
https://mumbai-edu-joann.blogspot.com/?page=en-postcsr-how-can-users-get-the-1769356750597,N/D
https://nile-edu-pineda.blogspot.com/?page=en-git-tennismylife-tml-database-1769195039573,N/D
https://north-edu-chandler.blogspot.com/?page=en-postcsr-where-can-users-find-the-1769356750360,N/D
https://panjab-edu-berenice.blogspot.com/?page=en-postcsr-how-can-users-get-the-1769356750597,N/D
https://parma-edu-ackerman.blogspot.com/?page=en-postcsr-how-can-users-get-the-1769356750597,N/D
https://sakarya-edu-leisa.blogspot.com/?page=en-git-tennismylife-tml-database-1769195039573,N/D
https://samarkandstate-edu-lois.blogspot.com/?page=en-postcsr-how-can-users-get-the-1769356750597,N/D
https://smartcirclec.blogspot.com/?page=en-postcsr-how-can-users-get-the-1769356750597,N/D
https://stavanger-edu-han.blogspot.com/?page=en-postcsr-where-can-users-find-the-1769356750360,N/D
https://studyquestionshub.blogspot.com/?page=en-git-tennismylife-tml-database-1769195039573,N/D
https://tampere-edu-nation.blogspot.com/?page=en-postcsr-how-can-users-get-the-1769356750597,N/D
https://tsukuba-edu-arletha.blogspot.com/?page=en-postcsr-where-can-users-find-the-1769356750360,N/D
https://vanlang-edu-hartmann.blogspot.com/?page=en-postcsr-how-can-users-get-the-1769356750597,N/D