round,match_id,section,player_1,player_2
R1,R1-01,Positions 02,Sebastian Baez,Stan Wawrinka
R1,R1-02,Positions 03,Tomas Martin Etcheverry,Grigor Dimitrov
R1,R1-03,Positions 04,Terence Atmane,Frances Tiafoe
R1,R1-04,Positions 05,Jiri Lehecka,Qualifier
R1,R1-05,Positions 06,Marton Fucsovics,Alejandro Tabilo
R1,R1-06,Positions 07,Gael Monfils,Tallon Griekspoor
R1,R1-07,Positions 10,Valentin Vacherot,Kamil Majchrzak
R1,R1-08,Positions 11,Jakub Mensik,Fabian Marozsan
R1,R1-09,Positions 12,Hubert Hurkacz,Luciano Darderi
R1,R1-10,Positions 13,Flavio Cobolli,Qualifier
R1,R1-11,Positions 14,Denis Shapovalov,Qualifier
R1,R1-12,Positions 15,Cameron Norrie,Miomir Kecmanovic
R1,R1-13,Positions 18,Qualifier,Matteo Berrettini
R1,R1-14,Positions 19,Joao Fonseca,Gabriel Diallo
R1,R1-15,Positions 20,Arthur Rinderknech,Karen Khachanov
R1,R1-16,Positions 21,Andrey Rublev,Nuno Borges
R1,R1-17,Positions 22,Zizou Bergs,Adrian Mannarino
R1,R1-18,Positions 23,Qualifier,Giovanni Mpetshi Perricard
R1,R1-19,Positions 26,Marin Cilic,Qualifier
R1,R1-20,Positions 27,Corentin Moutet,Qualifier
R1,R1-21,Positions 28,Alexei Popyrin,Casper Ruud
R1,R1-22,Positions 29,Francisco Cerundolo,Stefanos Tsitsipas
R1,R1-23,Positions 30,Daniel Altmaier,Tomas Machac
R1,R1-24,Positions 31,Moise Kouame,Ugo Humbert
R2,R2-01,Block 01,Carlos Alcaraz,Sebastian Baez
R2,R2-01,Block 01,Carlos Alcaraz,Stan Wawrinka
R2,R2-02,Block 02,Frances Tiafoe,Grigor Dimitrov
R2,R2-02,Block 02,Frances Tiafoe,Tomas Martin Etcheverry
R2,R2-02,Block 02,Grigor Dimitrov,Terence Atmane
R2,R2-02,Block 02,Terence Atmane,Tomas Martin Etcheverry
R2,R2-03,Block 03,Alejandro Tabilo,Jiri Lehecka
R2,R2-03,Block 03,Alejandro Tabilo,Qualifier
R2,R2-03,Block 03,Jiri Lehecka,Marton Fucsovics
R2,R2-03,Block 03,Marton Fucsovics,Qualifier
R2,R2-04,Block 04,Alexander Bublik,Gael Monfils
R2,R2-04,Block 04,Alexander Bublik,Tallon Griekspoor
R2,R2-05,Block 05,Kamil Majchrzak,Lorenzo Musetti
R2,R2-05,Block 05,Lorenzo Musetti,Valentin Vacherot
R2,R2-06,Block 06,Fabian Marozsan,Hubert Hurkacz
R2,R2-06,Block 06,Fabian Marozsan,Luciano Darderi
R2,R2-06,Block 06,Hubert Hurkacz,Jakub Mensik
R2,R2-06,Block 06,Jakub Mensik,Luciano Darderi
R2,R2-07,Block 07,Denis Shapovalov,Flavio Cobolli
R2,R2-07,Block 07,Denis Shapovalov,Qualifier
R2,R2-07,Block 07,Flavio Cobolli,Qualifier
R2,R2-08,Block 08,Alex de Minaur,Cameron Norrie
R2,R2-08,Block 08,Alex de Minaur,Miomir Kecmanovic
R2,R2-09,Block 09,Daniil Medvedev,Matteo Berrettini
R2,R2-09,Block 09,Daniil Medvedev,Qualifier
R2,R2-10,Block 10,Arthur Rinderknech,Gabriel Diallo
R2,R2-10,Block 10,Arthur Rinderknech,Joao Fonseca
R2,R2-10,Block 10,Gabriel Diallo,Karen Khachanov
R2,R2-10,Block 10,Joao Fonseca,Karen Khachanov
R2,R2-11,Block 11,Adrian Mannarino,Andrey Rublev
R2,R2-11,Block 11,Adrian Mannarino,Nuno Borges
R2,R2-11,Block 11,Andrey Rublev,Zizou Bergs
R2,R2-11,Block 11,Nuno Borges,Zizou Bergs
R2,R2-12,Block 12,Alexander Zverev,Giovanni Mpetshi Perricard
R2,R2-12,Block 12,Alexander Zverev,Qualifier
R2,R2-13,Block 13,Felix Auger-Aliassime,Marin Cilic
R2,R2-13,Block 13,Felix Auger-Aliassime,Qualifier
R2,R2-14,Block 14,Alexei Popyrin,Corentin Moutet
R2,R2-14,Block 14,Alexei Popyrin,Qualifier
R2,R2-14,Block 14,Casper Ruud,Corentin Moutet
R2,R2-14,Block 14,Casper Ruud,Qualifier
R2,R2-15,Block 15,Daniel Altmaier,Francisco Cerundolo
R2,R2-15,Block 15,Daniel Altmaier,Stefanos Tsitsipas
R2,R2-15,Block 15,Francisco Cerundolo,Tomas Machac
R2,R2-15,Block 15,Stefanos Tsitsipas,Tomas Machac
R2,R2-16,Block 16,Jannik Sinner,Moise Kouame
R2,R2-16,Block 16,Jannik Sinner,Ugo Humbert
R3,R3-01,Octant 01,Carlos Alcaraz,Frances Tiafoe
R3,R3-01,Octant 01,Carlos Alcaraz,Grigor Dimitrov
R3,R3-01,Octant 01,Carlos Alcaraz,Terence Atmane
R3,R3-01,Octant 01,Carlos Alcaraz,Tomas Martin Etcheverry
R3,R3-01,Octant 01,Frances Tiafoe,Sebastian Baez
R3,R3-01,Octant 01,Frances Tiafoe,Stan Wawrinka
R3,R3-01,Octant 01,Grigor Dimitrov,Sebastian Baez
R3,R3-01,Octant 01,Grigor Dimitrov,Stan Wawrinka
R3,R3-01,Octant 01,Sebastian Baez,Terence Atmane
R3,R3-01,Octant 01,Sebastian Baez,Tomas Martin Etcheverry
R3,R3-01,Octant 01,Stan Wawrinka,Terence Atmane
R3,R3-01,Octant 01,Stan Wawrinka,Tomas Martin Etcheverry
R3,R3-02,Octant 02,Alejandro Tabilo,Alexander Bublik
R3,R3-02,Octant 02,Alejandro Tabilo,Gael Monfils
R3,R3-02,Octant 02,Alejandro Tabilo,Tallon Griekspoor
R3,R3-02,Octant 02,Alexander Bublik,Jiri Lehecka
R3,R3-02,Octant 02,Alexander Bublik,Marton Fucsovics
R3,R3-02,Octant 02,Alexander Bublik,Qualifier
R3,R3-02,Octant 02,Gael Monfils,Jiri Lehecka
R3,R3-02,Octant 02,Gael Monfils,Marton Fucsovics
R3,R3-02,Octant 02,Gael Monfils,Qualifier
R3,R3-02,Octant 02,Jiri Lehecka,Tallon Griekspoor
R3,R3-02,Octant 02,Marton Fucsovics,Tallon Griekspoor
R3,R3-02,Octant 02,Qualifier,Tallon Griekspoor
R3,R3-03,Octant 03,Fabian Marozsan,Kamil Majchrzak
R3,R3-03,Octant 03,Fabian Marozsan,Lorenzo Musetti
R3,R3-03,Octant 03,Fabian Marozsan,Valentin Vacherot
R3,R3-03,Octant 03,Hubert Hurkacz,Kamil Majchrzak
R3,R3-03,Octant 03,Hubert Hurkacz,Lorenzo Musetti
R3,R3-03,Octant 03,Hubert Hurkacz,Valentin Vacherot
R3,R3-03,Octant 03,Jakub Mensik,Kamil Majchrzak
R3,R3-03,Octant 03,Jakub Mensik,Lorenzo Musetti
R3,R3-03,Octant 03,Jakub Mensik,Valentin Vacherot
R3,R3-03,Octant 03,Kamil Majchrzak,Luciano Darderi
R3,R3-03,Octant 03,Lorenzo Musetti,Luciano Darderi
R3,R3-03,Octant 03,Luciano Darderi,Valentin Vacherot
R3,R3-04,Octant 04,Alex de Minaur,Denis Shapovalov
R3,R3-04,Octant 04,Alex de Minaur,Flavio Cobolli
R3,R3-04,Octant 04,Alex de Minaur,Qualifier
R3,R3-04,Octant 04,Cameron Norrie,Denis Shapovalov
R3,R3-04,Octant 04,Cameron Norrie,Flavio Cobolli
R3,R3-04,Octant 04,Cameron Norrie,Qualifier
R3,R3-04,Octant 04,Denis Shapovalov,Miomir Kecmanovic
R3,R3-04,Octant 04,Flavio Cobolli,Miomir Kecmanovic
R3,R3-04,Octant 04,Miomir Kecmanovic,Qualifier
R3,R3-05,Octant 05,Arthur Rinderknech,Daniil Medvedev
R3,R3-05,Octant 05,Arthur Rinderknech,Matteo Berrettini
R3,R3-05,Octant 05,Arthur Rinderknech,Qualifier
R3,R3-05,Octant 05,Daniil Medvedev,Gabriel Diallo
R3,R3-05,Octant 05,Daniil Medvedev,Joao Fonseca
R3,R3-05,Octant 05,Daniil Medvedev,Karen Khachanov
R3,R3-05,Octant 05,Gabriel Diallo,Matteo Berrettini
R3,R3-05,Octant 05,Gabriel Diallo,Qualifier
R3,R3-05,Octant 05,Joao Fonseca,Matteo Berrettini
R3,R3-05,Octant 05,Joao Fonseca,Qualifier
R3,R3-05,Octant 05,Karen Khachanov,Matteo Berrettini
R3,R3-05,Octant 05,Karen Khachanov,Qualifier
R3,R3-06,Octant 06,Adrian Mannarino,Alexander Zverev
R3,R3-06,Octant 06,Adrian Mannarino,Giovanni Mpetshi Perricard
R3,R3-06,Octant 06,Adrian Mannarino,Qualifier
R3,R3-06,Octant 06,Alexander Zverev,Andrey Rublev
R3,R3-06,Octant 06,Alexander Zverev,Nuno Borges
R3,R3-06,Octant 06,Alexander Zverev,Zizou Bergs
R3,R3-06,Octant 06,Andrey Rublev,Giovanni Mpetshi Perricard
R3,R3-06,Octant 06,Andrey Rublev,Qualifier
R3,R3-06,Octant 06,Giovanni Mpetshi Perricard,Nuno Borges
R3,R3-06,Octant 06,Giovanni Mpetshi Perricard,Zizou Bergs
R3,R3-06,Octant 06,Nuno Borges,Qualifier
R3,R3-06,Octant 06,Qualifier,Zizou Bergs
R3,R3-07,Octant 07,Alexei Popyrin,Felix Auger-Aliassime
R3,R3-07,Octant 07,Alexei Popyrin,Marin Cilic
R3,R3-07,Octant 07,Alexei Popyrin,Qualifier
R3,R3-07,Octant 07,Casper Ruud,Felix Auger-Aliassime
R3,R3-07,Octant 07,Casper Ruud,Marin Cilic
R3,R3-07,Octant 07,Casper Ruud,Qualifier
R3,R3-07,Octant 07,Corentin Moutet,Felix Auger-Aliassime
R3,R3-07,Octant 07,Corentin Moutet,Marin Cilic
R3,R3-07,Octant 07,Corentin Moutet,Qualifier
R3,R3-07,Octant 07,Felix Auger-Aliassime,Qualifier
R3,R3-07,Octant 07,Marin Cilic,Qualifier
R3,R3-08,Octant 08,Daniel Altmaier,Jannik Sinner
R3,R3-08,Octant 08,Daniel Altmaier,Moise Kouame
R3,R3-08,Octant 08,Daniel Altmaier,Ugo Humbert
R3,R3-08,Octant 08,Francisco Cerundolo,Jannik Sinner
R3,R3-08,Octant 08,Francisco Cerundolo,Moise Kouame
R3,R3-08,Octant 08,Francisco Cerundolo,Ugo Humbert
R3,R3-08,Octant 08,Jannik Sinner,Stefanos Tsitsipas
R3,R3-08,Octant 08,Jannik Sinner,Tomas Machac
R3,R3-08,Octant 08,Moise Kouame,Stefanos Tsitsipas
R3,R3-08,Octant 08,Moise Kouame,Tomas Machac
R3,R3-08,Octant 08,Stefanos Tsitsipas,Ugo Humbert
R3,R3-08,Octant 08,Tomas Machac,Ugo Humbert
QF,QF-01,Quarter 01,Alejandro Tabilo,Carlos Alcaraz
QF,QF-01,Quarter 01,Alejandro Tabilo,Frances Tiafoe
QF,QF-01,Quarter 01,Alejandro Tabilo,Grigor Dimitrov
QF,QF-01,Quarter 01,Alejandro Tabilo,Sebastian Baez
QF,QF-01,Quarter 01,Alejandro Tabilo,Stan Wawrinka
QF,QF-01,Quarter 01,Alejandro Tabilo,Terence Atmane
QF,QF-01,Quarter 01,Alejandro Tabilo,Tomas Martin Etcheverry
QF,QF-01,Quarter 01,Alexander Bublik,Carlos Alcaraz
QF,QF-01,Quarter 01,Alexander Bublik,Frances Tiafoe
QF,QF-01,Quarter 01,Alexander Bublik,Grigor Dimitrov
QF,QF-01,Quarter 01,Alexander Bublik,Sebastian Baez
QF,QF-01,Quarter 01,Alexander Bublik,Stan Wawrinka
QF,QF-01,Quarter 01,Alexander Bublik,Terence Atmane
QF,QF-01,Quarter 01,Alexander Bublik,Tomas Martin Etcheverry
QF,QF-01,Quarter 01,Carlos Alcaraz,Gael Monfils
QF,QF-01,Quarter 01,Carlos Alcaraz,Jiri Lehecka
QF,QF-01,Quarter 01,Carlos Alcaraz,Marton Fucsovics
QF,QF-01,Quarter 01,Carlos Alcaraz,Qualifier
QF,QF-01,Quarter 01,Carlos Alcaraz,Tallon Griekspoor
QF,QF-01,Quarter 01,Frances Tiafoe,Gael Monfils
QF,QF-01,Quarter 01,Frances Tiafoe,Jiri Lehecka
QF,QF-01,Quarter 01,Frances Tiafoe,Marton Fucsovics
QF,QF-01,Quarter 01,Frances Tiafoe,Qualifier
QF,QF-01,Quarter 01,Frances Tiafoe,Tallon Griekspoor
QF,QF-01,Quarter 01,Gael Monfils,Grigor Dimitrov
QF,QF-01,Quarter 01,Gael Monfils,Sebastian Baez
QF,QF-01,Quarter 01,Gael Monfils,Stan Wawrinka
QF,QF-01,Quarter 01,Gael Monfils,Terence Atmane
QF,QF-01,Quarter 01,Gael Monfils,Tomas Martin Etcheverry
QF,QF-01,Quarter 01,Grigor Dimitrov,Jiri Lehecka
QF,QF-01,Quarter 01,Grigor Dimitrov,Marton Fucsovics
QF,QF-01,Quarter 01,Grigor Dimitrov,Qualifier
QF,QF-01,Quarter 01,Grigor Dimitrov,Tallon Griekspoor
QF,QF-01,Quarter 01,Jiri Lehecka,Sebastian Baez
QF,QF-01,Quarter 01,Jiri Lehecka,Stan Wawrinka
QF,QF-01,Quarter 01,Jiri Lehecka,Terence Atmane
QF,QF-01,Quarter 01,Jiri Lehecka,Tomas Martin Etcheverry
QF,QF-01,Quarter 01,Marton Fucsovics,Sebastian Baez
QF,QF-01,Quarter 01,Marton Fucsovics,Stan Wawrinka
QF,QF-01,Quarter 01,Marton Fucsovics,Terence Atmane
QF,QF-01,Quarter 01,Marton Fucsovics,Tomas Martin Etcheverry
QF,QF-01,Quarter 01,Qualifier,Sebastian Baez
QF,QF-01,Quarter 01,Qualifier,Stan Wawrinka
QF,QF-01,Quarter 01,Qualifier,Terence Atmane
QF,QF-01,Quarter 01,Qualifier,Tomas Martin Etcheverry
QF,QF-01,Quarter 01,Sebastian Baez,Tallon Griekspoor
QF,QF-01,Quarter 01,Stan Wawrinka,Tallon Griekspoor
QF,QF-01,Quarter 01,Tallon Griekspoor,Terence Atmane
QF,QF-01,Quarter 01,Tallon Griekspoor,Tomas Martin Etcheverry
QF,QF-02,Quarter 02,Alex de Minaur,Fabian Marozsan
QF,QF-02,Quarter 02,Alex de Minaur,Hubert Hurkacz
QF,QF-02,Quarter 02,Alex de Minaur,Jakub Mensik
QF,QF-02,Quarter 02,Alex de Minaur,Kamil Majchrzak
QF,QF-02,Quarter 02,Alex de Minaur,Lorenzo Musetti
QF,QF-02,Quarter 02,Alex de Minaur,Luciano Darderi
QF,QF-02,Quarter 02,Alex de Minaur,Valentin Vacherot
QF,QF-02,Quarter 02,Cameron Norrie,Fabian Marozsan
QF,QF-02,Quarter 02,Cameron Norrie,Hubert Hurkacz
QF,QF-02,Quarter 02,Cameron Norrie,Jakub Mensik
QF,QF-02,Quarter 02,Cameron Norrie,Kamil Majchrzak
QF,QF-02,Quarter 02,Cameron Norrie,Lorenzo Musetti
QF,QF-02,Quarter 02,Cameron Norrie,Luciano Darderi
QF,QF-02,Quarter 02,Cameron Norrie,Valentin Vacherot
QF,QF-02,Quarter 02,Denis Shapovalov,Fabian Marozsan
QF,QF-02,Quarter 02,Denis Shapovalov,Hubert Hurkacz
QF,QF-02,Quarter 02,Denis Shapovalov,Jakub Mensik
QF,QF-02,Quarter 02,Denis Shapovalov,Kamil Majchrzak
QF,QF-02,Quarter 02,Denis Shapovalov,Lorenzo Musetti
QF,QF-02,Quarter 02,Denis Shapovalov,Luciano Darderi
QF,QF-02,Quarter 02,Denis Shapovalov,Valentin Vacherot
QF,QF-02,Quarter 02,Flavio Cobolli,Fabian Marozsan
QF,QF-02,Quarter 02,Flavio Cobolli,Hubert Hurkacz
QF,QF-02,Quarter 02,Flavio Cobolli,Jakub Mensik
QF,QF-02,Quarter 02,Flavio Cobolli,Kamil Majchrzak
QF,QF-02,Quarter 02,Flavio Cobolli,Lorenzo Musetti
QF,QF-02,Quarter 02,Flavio Cobolli,Luciano Darderi
QF,QF-02,Quarter 02,Flavio Cobolli,Valentin Vacherot
QF,QF-02,Quarter 02,Fabian Marozsan,Miomir Kecmanovic
QF,QF-02,Quarter 02,Fabian Marozsan,Qualifier
QF,QF-02,Quarter 02,Hubert Hurkacz,Miomir Kecmanovic
QF,QF-02,Quarter 02,Hubert Hurkacz,Qualifier
QF,QF-02,Quarter 02,Jakub Mensik,Miomir Kecmanovic
QF,QF-02,Quarter 02,Jakub Mensik,Qualifier
QF,QF-02,Quarter 02,Kamil Majchrzak,Miomir Kecmanovic
QF,QF-02,Quarter 02,Kamil Majchrzak,Qualifier
QF,QF-02,Quarter 02,Lorenzo Musetti,Miomir Kecmanovic
QF,QF-02,Quarter 02,Lorenzo Musetti,Qualifier
QF,QF-02,Quarter 02,Luciano Darderi,Miomir Kecmanovic
QF,QF-02,Quarter 02,Luciano Darderi,Qualifier
QF,QF-02,Quarter 02,Miomir Kecmanovic,Valentin Vacherot
QF,QF-02,Quarter 02,Qualifier,Valentin Vacherot
QF,QF-03,Quarter 03,Adrian Mannarino,Arthur Rinderknech
QF,QF-03,Quarter 03,Adrian Mannarino,Daniil Medvedev
QF,QF-03,Quarter 03,Adrian Mannarino,Gabriel Diallo
QF,QF-03,Quarter 03,Adrian Mannarino,Joao Fonseca
QF,QF-03,Quarter 03,Adrian Mannarino,Karen Khachanov
QF,QF-03,Quarter 03,Adrian Mannarino,Matteo Berrettini
QF,QF-03,Quarter 03,Adrian Mannarino,Qualifier
QF,QF-03,Quarter 03,Alexander Zverev,Arthur Rinderknech
QF,QF-03,Quarter 03,Alexander Zverev,Daniil Medvedev
QF,QF-03,Quarter 03,Alexander Zverev,Gabriel Diallo
QF,QF-03,Quarter 03,Alexander Zverev,Joao Fonseca
QF,QF-03,Quarter 03,Alexander Zverev,Karen Khachanov
QF,QF-03,Quarter 03,Alexander Zverev,Matteo Berrettini
QF,QF-03,Quarter 03,Alexander Zverev,Qualifier
QF,QF-03,Quarter 03,Andrey Rublev,Arthur Rinderknech
QF,QF-03,Quarter 03,Andrey Rublev,Daniil Medvedev
QF,QF-03,Quarter 03,Andrey Rublev,Gabriel Diallo
QF,QF-03,Quarter 03,Andrey Rublev,Joao Fonseca
QF,QF-03,Quarter 03,Andrey Rublev,Karen Khachanov
QF,QF-03,Quarter 03,Andrey Rublev,Matteo Berrettini
QF,QF-03,Quarter 03,Andrey Rublev,Qualifier
QF,QF-03,Quarter 03,Arthur Rinderknech,Giovanni Mpetshi Perricard
QF,QF-03,Quarter 03,Arthur Rinderknech,Nuno Borges
QF,QF-03,Quarter 03,Arthur Rinderknech,Qualifier
QF,QF-03,Quarter 03,Arthur Rinderknech,Zizou Bergs
QF,QF-03,Quarter 03,Daniil Medvedev,Giovanni Mpetshi Perricard
QF,QF-03,Quarter 03,Daniil Medvedev,Nuno Borges
QF,QF-03,Quarter 03,Daniil Medvedev,Qualifier
QF,QF-03,Quarter 03,Daniil Medvedev,Zizou Bergs
QF,QF-03,Quarter 03,Gabriel Diallo,Giovanni Mpetshi Perricard
QF,QF-03,Quarter 03,Gabriel Diallo,Nuno Borges
QF,QF-03,Quarter 03,Gabriel Diallo,Qualifier
QF,QF-03,Quarter 03,Gabriel Diallo,Zizou Bergs
QF,QF-03,Quarter 03,Giovanni Mpetshi Perricard,Joao Fonseca
QF,QF-03,Quarter 03,Giovanni Mpetshi Perricard,Karen Khachanov
QF,QF-03,Quarter 03,Giovanni Mpetshi Perricard,Matteo Berrettini
QF,QF-03,Quarter 03,Giovanni Mpetshi Perricard,Qualifier
QF,QF-03,Quarter 03,Joao Fonseca,Nuno Borges
QF,QF-03,Quarter 03,Joao Fonseca,Qualifier
QF,QF-03,Quarter 03,Joao Fonseca,Zizou Bergs
QF,QF-03,Quarter 03,Karen Khachanov,Nuno Borges
QF,QF-03,Quarter 03,Karen Khachanov,Qualifier
QF,QF-03,Quarter 03,Karen Khachanov,Zizou Bergs
QF,QF-03,Quarter 03,Matteo Berrettini,Nuno Borges
QF,QF-03,Quarter 03,Matteo Berrettini,Qualifier
QF,QF-03,Quarter 03,Matteo Berrettini,Zizou Bergs
QF,QF-03,Quarter 03,Nuno Borges,Qualifier
QF,QF-03,Quarter 03,Qualifier,Zizou Bergs
QF,QF-04,Quarter 04,Alexei Popyrin,Daniel Altmaier
QF,QF-04,Quarter 04,Alexei Popyrin,Francisco Cerundolo
QF,QF-04,Quarter 04,Alexei Popyrin,Jannik Sinner
QF,QF-04,Quarter 04,Alexei Popyrin,Moise Kouame
QF,QF-04,Quarter 04,Alexei Popyrin,Stefanos Tsitsipas
QF,QF-04,Quarter 04,Alexei Popyrin,Tomas Machac
QF,QF-04,Quarter 04,Alexei Popyrin,Ugo Humbert
QF,QF-04,Quarter 04,Casper Ruud,Daniel Altmaier
QF,QF-04,Quarter 04,Casper Ruud,Francisco Cerundolo
QF,QF-04,Quarter 04,Casper Ruud,Jannik Sinner
QF,QF-04,Quarter 04,Casper Ruud,Moise Kouame
QF,QF-04,Quarter 04,Casper Ruud,Stefanos Tsitsipas
QF,QF-04,Quarter 04,Casper Ruud,Tomas Machac
QF,QF-04,Quarter 04,Casper Ruud,Ugo Humbert
QF,QF-04,Quarter 04,Corentin Moutet,Daniel Altmaier
QF,QF-04,Quarter 04,Corentin Moutet,Francisco Cerundolo
QF,QF-04,Quarter 04,Corentin Moutet,Jannik Sinner
QF,QF-04,Quarter 04,Corentin Moutet,Moise Kouame
QF,QF-04,Quarter 04,Corentin Moutet,Stefanos Tsitsipas
QF,QF-04,Quarter 04,Corentin Moutet,Tomas Machac
QF,QF-04,Quarter 04,Corentin Moutet,Ugo Humbert
QF,QF-04,Quarter 04,Daniel Altmaier,Felix Auger-Aliassime
QF,QF-04,Quarter 04,Daniel Altmaier,Marin Cilic
QF,QF-04,Quarter 04,Daniel Altmaier,Qualifier
QF,QF-04,Quarter 04,Francisco Cerundolo,Felix Auger-Aliassime
QF,QF-04,Quarter 04,Francisco Cerundolo,Marin Cilic
QF,QF-04,Quarter 04,Francisco Cerundolo,Qualifier
QF,QF-04,Quarter 04,Felix Auger-Aliassime,Jannik Sinner
QF,QF-04,Quarter 04,Felix Auger-Aliassime,Moise Kouame
QF,QF-04,Quarter 04,Felix Auger-Aliassime,Stefanos Tsitsipas
QF,QF-04,Quarter 04,Felix Auger-Aliassime,Tomas Machac
QF,QF-04,Quarter 04,Felix Auger-Aliassime,Ugo Humbert
QF,QF-04,Quarter 04,Jannik Sinner,Marin Cilic
QF,QF-04,Quarter 04,Jannik Sinner,Qualifier
QF,QF-04,Quarter 04,Marin Cilic,Moise Kouame
QF,QF-04,Quarter 04,Marin Cilic,Stefanos Tsitsipas
QF,QF-04,Quarter 04,Marin Cilic,Tomas Machac
QF,QF-04,Quarter 04,Marin Cilic,Ugo Humbert
QF,QF-04,Quarter 04,Moise Kouame,Qualifier
QF,QF-04,Quarter 04,Qualifier,Stefanos Tsitsipas
QF,QF-04,Quarter 04,Qualifier,Tomas Machac
QF,QF-04,Quarter 04,Qualifier,Ugo Humbert
SF,SF-01,Half 01,Alejandro Tabilo,Alex de Minaur
SF,SF-01,Half 01,Alejandro Tabilo,Cameron Norrie
SF,SF-01,Half 01,Alejandro Tabilo,Denis Shapovalov
SF,SF-01,Half 01,Alejandro Tabilo,Flavio Cobolli
SF,SF-01,Half 01,Alejandro Tabilo,Fabian Marozsan
SF,SF-01,Half 01,Alejandro Tabilo,Hubert Hurkacz
SF,SF-01,Half 01,Alejandro Tabilo,Jakub Mensik
SF,SF-01,Half 01,Alejandro Tabilo,Kamil Majchrzak
SF,SF-01,Half 01,Alejandro Tabilo,Lorenzo Musetti
SF,SF-01,Half 01,Alejandro Tabilo,Luciano Darderi
SF,SF-01,Half 01,Alejandro Tabilo,Miomir Kecmanovic
SF,SF-01,Half 01,Alejandro Tabilo,Qualifier
SF,SF-01,Half 01,Alejandro Tabilo,Valentin Vacherot
SF,SF-01,Half 01,Alex de Minaur,Alexander Bublik
SF,SF-01,Half 01,Alex de Minaur,Carlos Alcaraz
SF,SF-01,Half 01,Alex de Minaur,Frances Tiafoe
SF,SF-01,Half 01,Alex de Minaur,Gael Monfils
SF,SF-01,Half 01,Alex de Minaur,Grigor Dimitrov
SF,SF-01,Half 01,Alex de Minaur,Jiri Lehecka
SF,SF-01,Half 01,Alex de Minaur,Marton Fucsovics
SF,SF-01,Half 01,Alex de Minaur,Qualifier
SF,SF-01,Half 01,Alex de Minaur,Sebastian Baez
SF,SF-01,Half 01,Alex de Minaur,Stan Wawrinka
SF,SF-01,Half 01,Alex de Minaur,Tallon Griekspoor
SF,SF-01,Half 01,Alex de Minaur,Terence Atmane
SF,SF-01,Half 01,Alex de Minaur,Tomas Martin Etcheverry
SF,SF-01,Half 01,Alexander Bublik,Cameron Norrie
SF,SF-01,Half 01,Alexander Bublik,Denis Shapovalov
SF,SF-01,Half 01,Alexander Bublik,Flavio Cobolli
SF,SF-01,Half 01,Alexander Bublik,Fabian Marozsan
SF,SF-01,Half 01,Alexander Bublik,Hubert Hurkacz
SF,SF-01,Half 01,Alexander Bublik,Jakub Mensik
SF,SF-01,Half 01,Alexander Bublik,Kamil Majchrzak
SF,SF-01,Half 01,Alexander Bublik,Lorenzo Musetti
SF,SF-01,Half 01,Alexander Bublik,Luciano Darderi
SF,SF-01,Half 01,Alexander Bublik,Miomir Kecmanovic
SF,SF-01,Half 01,Alexander Bublik,Qualifier
SF,SF-01,Half 01,Alexander Bublik,Valentin Vacherot
SF,SF-01,Half 01,Cameron Norrie,Carlos Alcaraz
SF,SF-01,Half 01,Cameron Norrie,Frances Tiafoe
SF,SF-01,Half 01,Cameron Norrie,Gael Monfils
SF,SF-01,Half 01,Cameron Norrie,Grigor Dimitrov
SF,SF-01,Half 01,Cameron Norrie,Jiri Lehecka
SF,SF-01,Half 01,Cameron Norrie,Marton Fucsovics
SF,SF-01,Half 01,Cameron Norrie,Qualifier
SF,SF-01,Half 01,Cameron Norrie,Sebastian Baez
SF,SF-01,Half 01,Cameron Norrie,Stan Wawrinka
SF,SF-01,Half 01,Cameron Norrie,Tallon Griekspoor
SF,SF-01,Half 01,Cameron Norrie,Terence Atmane
SF,SF-01,Half 01,Cameron Norrie,Tomas Martin Etcheverry
SF,SF-01,Half 01,Carlos Alcaraz,Denis Shapovalov
SF,SF-01,Half 01,Carlos Alcaraz,Flavio Cobolli
SF,SF-01,Half 01,Carlos Alcaraz,Fabian Marozsan
SF,SF-01,Half 01,Carlos Alcaraz,Hubert Hurkacz
SF,SF-01,Half 01,Carlos Alcaraz,Jakub Mensik
SF,SF-01,Half 01,Carlos Alcaraz,Kamil Majchrzak
SF,SF-01,Half 01,Carlos Alcaraz,Lorenzo Musetti
SF,SF-01,Half 01,Carlos Alcaraz,Luciano Darderi
SF,SF-01,Half 01,Carlos Alcaraz,Miomir Kecmanovic
SF,SF-01,Half 01,Carlos Alcaraz,Qualifier
SF,SF-01,Half 01,Carlos Alcaraz,Valentin Vacherot
SF,SF-01,Half 01,Denis Shapovalov,Frances Tiafoe
SF,SF-01,Half 01,Denis Shapovalov,Gael Monfils
SF,SF-01,Half 01,Denis Shapovalov,Grigor Dimitrov
SF,SF-01,Half 01,Denis Shapovalov,Jiri Lehecka
SF,SF-01,Half 01,Denis Shapovalov,Marton Fucsovics
SF,SF-01,Half 01,Denis Shapovalov,Qualifier
SF,SF-01,Half 01,Denis Shapovalov,Sebastian Baez
SF,SF-01,Half 01,Denis Shapovalov,Stan Wawrinka
SF,SF-01,Half 01,Denis Shapovalov,Tallon Griekspoor
SF,SF-01,Half 01,Denis Shapovalov,Terence Atmane
SF,SF-01,Half 01,Denis Shapovalov,Tomas Martin Etcheverry
SF,SF-01,Half 01,Flavio Cobolli,Frances Tiafoe
SF,SF-01,Half 01,Flavio Cobolli,Gael Monfils
SF,SF-01,Half 01,Flavio Cobolli,Grigor Dimitrov
SF,SF-01,Half 01,Flavio Cobolli,Jiri Lehecka
SF,SF-01,Half 01,Flavio Cobolli,Marton Fucsovics
SF,SF-01,Half 01,Flavio Cobolli,Qualifier
SF,SF-01,Half 01,Flavio Cobolli,Sebastian Baez
SF,SF-01,Half 01,Flavio Cobolli,Stan Wawrinka
SF,SF-01,Half 01,Flavio Cobolli,Tallon Griekspoor
SF,SF-01,Half 01,Flavio Cobolli,Terence Atmane
SF,SF-01,Half 01,Flavio Cobolli,Tomas Martin Etcheverry
SF,SF-01,Half 01,Frances Tiafoe,Fabian Marozsan
SF,SF-01,Half 01,Frances Tiafoe,Hubert Hurkacz
SF,SF-01,Half 01,Frances Tiafoe,Jakub Mensik
SF,SF-01,Half 01,Frances Tiafoe,Kamil Majchrzak
SF,SF-01,Half 01,Frances Tiafoe,Lorenzo Musetti
SF,SF-01,Half 01,Frances Tiafoe,Luciano Darderi
SF,SF-01,Half 01,Frances Tiafoe,Miomir Kecmanovic
SF,SF-01,Half 01,Frances Tiafoe,Qualifier
SF,SF-01,Half 01,Frances Tiafoe,Valentin Vacherot
SF,SF-01,Half 01,Fabian Marozsan,Gael Monfils
SF,SF-01,Half 01,Fabian Marozsan,Grigor Dimitrov
SF,SF-01,Half 01,Fabian Marozsan,Jiri Lehecka
SF,SF-01,Half 01,Fabian Marozsan,Marton Fucsovics
SF,SF-01,Half 01,Fabian Marozsan,Qualifier
SF,SF-01,Half 01,Fabian Marozsan,Sebastian Baez
SF,SF-01,Half 01,Fabian Marozsan,Stan Wawrinka
SF,SF-01,Half 01,Fabian Marozsan,Tallon Griekspoor
SF,SF-01,Half 01,Fabian Marozsan,Terence Atmane
SF,SF-01,Half 01,Fabian Marozsan,Tomas Martin Etcheverry
SF,SF-01,Half 01,Gael Monfils,Hubert Hurkacz
SF,SF-01,Half 01,Gael Monfils,Jakub Mensik
SF,SF-01,Half 01,Gael Monfils,Kamil Majchrzak
SF,SF-01,Half 01,Gael Monfils,Lorenzo Musetti
SF,SF-01,Half 01,Gael Monfils,Luciano Darderi
SF,SF-01,Half 01,Gael Monfils,Miomir Kecmanovic
SF,SF-01,Half 01,Gael Monfils,Qualifier
SF,SF-01,Half 01,Gael Monfils,Valentin Vacherot
SF,SF-01,Half 01,Grigor Dimitrov,Hubert Hurkacz
SF,SF-01,Half 01,Grigor Dimitrov,Jakub Mensik
SF,SF-01,Half 01,Grigor Dimitrov,Kamil Majchrzak
SF,SF-01,Half 01,Grigor Dimitrov,Lorenzo Musetti
SF,SF-01,Half 01,Grigor Dimitrov,Luciano Darderi
SF,SF-01,Half 01,Grigor Dimitrov,Miomir Kecmanovic
SF,SF-01,Half 01,Grigor Dimitrov,Qualifier
SF,SF-01,Half 01,Grigor Dimitrov,Valentin Vacherot
SF,SF-01,Half 01,Hubert Hurkacz,Jiri Lehecka
SF,SF-01,Half 01,Hubert Hurkacz,Marton Fucsovics
SF,SF-01,Half 01,Hubert Hurkacz,Qualifier
SF,SF-01,Half 01,Hubert Hurkacz,Sebastian Baez
SF,SF-01,Half 01,Hubert Hurkacz,Stan Wawrinka
SF,SF-01,Half 01,Hubert Hurkacz,Tallon Griekspoor
SF,SF-01,Half 01,Hubert Hurkacz,Terence Atmane
SF,SF-01,Half 01,Hubert Hurkacz,Tomas Martin Etcheverry
SF,SF-01,Half 01,Jakub Mensik,Jiri Lehecka
SF,SF-01,Half 01,Jakub Mensik,Marton Fucsovics
SF,SF-01,Half 01,Jakub Mensik,Qualifier
SF,SF-01,Half 01,Jakub Mensik,Sebastian Baez
SF,SF-01,Half 01,Jakub Mensik,Stan Wawrinka
SF,SF-01,Half 01,Jakub Mensik,Tallon Griekspoor
SF,SF-01,Half 01,Jakub Mensik,Terence Atmane
SF,SF-01,Half 01,Jakub Mensik,Tomas Martin Etcheverry
SF,SF-01,Half 01,Jiri Lehecka,Kamil Majchrzak
SF,SF-01,Half 01,Jiri Lehecka,Lorenzo Musetti
SF,SF-01,Half 01,Jiri Lehecka,Luciano Darderi
SF,SF-01,Half 01,Jiri Lehecka,Miomir Kecmanovic
SF,SF-01,Half 01,Jiri Lehecka,Qualifier
SF,SF-01,Half 01,Jiri Lehecka,Valentin Vacherot
SF,SF-01,Half 01,Kamil Majchrzak,Marton Fucsovics
SF,SF-01,Half 01,Kamil Majchrzak,Qualifier
SF,SF-01,Half 01,Kamil Majchrzak,Sebastian Baez
SF,SF-01,Half 01,Kamil Majchrzak,Stan Wawrinka
SF,SF-01,Half 01,Kamil Majchrzak,Tallon Griekspoor
SF,SF-01,Half 01,Kamil Majchrzak,Terence Atmane
SF,SF-01,Half 01,Kamil Majchrzak,Tomas Martin Etcheverry
SF,SF-01,Half 01,Lorenzo Musetti,Marton Fucsovics
SF,SF-01,Half 01,Lorenzo Musetti,Qualifier
SF,SF-01,Half 01,Lorenzo Musetti,Sebastian Baez
SF,SF-01,Half 01,Lorenzo Musetti,Stan Wawrinka
SF,SF-01,Half 01,Lorenzo Musetti,Tallon Griekspoor
SF,SF-01,Half 01,Lorenzo Musetti,Terence Atmane
SF,SF-01,Half 01,Lorenzo Musetti,Tomas Martin Etcheverry
SF,SF-01,Half 01,Luciano Darderi,Marton Fucsovics
SF,SF-01,Half 01,Luciano Darderi,Qualifier
SF,SF-01,Half 01,Luciano Darderi,Sebastian Baez
SF,SF-01,Half 01,Luciano Darderi,Stan Wawrinka
SF,SF-01,Half 01,Luciano Darderi,Tallon Griekspoor
SF,SF-01,Half 01,Luciano Darderi,Terence Atmane
SF,SF-01,Half 01,Luciano Darderi,Tomas Martin Etcheverry
SF,SF-01,Half 01,Miomir Kecmanovic,Marton Fucsovics
SF,SF-01,Half 01,Miomir Kecmanovic,Qualifier
SF,SF-01,Half 01,Miomir Kecmanovic,Sebastian Baez
SF,SF-01,Half 01,Miomir Kecmanovic,Stan Wawrinka
SF,SF-01,Half 01,Miomir Kecmanovic,Tallon Griekspoor
SF,SF-01,Half 01,Miomir Kecmanovic,Terence Atmane
SF,SF-01,Half 01,Miomir Kecmanovic,Tomas Martin Etcheverry
SF,SF-01,Half 01,Marton Fucsovics,Qualifier
SF,SF-01,Half 01,Marton Fucsovics,Valentin Vacherot
SF,SF-01,Half 01,Qualifier,Sebastian Baez
SF,SF-01,Half 01,Qualifier,Stan Wawrinka
SF,SF-01,Half 01,Qualifier,Tallon Griekspoor
SF,SF-01,Half 01,Qualifier,Terence Atmane
SF,SF-01,Half 01,Qualifier,Tomas Martin Etcheverry
SF,SF-01,Half 01,Qualifier,Valentin Vacherot
SF,SF-01,Half 01,Sebastian Baez,Valentin Vacherot
SF,SF-01,Half 01,Stan Wawrinka,Valentin Vacherot
SF,SF-01,Half 01,Tallon Griekspoor,Valentin Vacherot
SF,SF-01,Half 01,Terence Atmane,Valentin Vacherot
SF,SF-01,Half 01,Tomas Martin Etcheverry,Valentin Vacherot
SF,SF-02,Half 02,Adrian Mannarino,Alexei Popyrin
SF,SF-02,Half 02,Adrian Mannarino,Casper Ruud
SF,SF-02,Half 02,Adrian Mannarino,Corentin Moutet
SF,SF-02,Half 02,Adrian Mannarino,Daniel Altmaier
SF,SF-02,Half 02,Adrian Mannarino,Francisco Cerundolo
SF,SF-02,Half 02,Adrian Mannarino,Felix Auger-Aliassime
SF,SF-02,Half 02,Adrian Mannarino,Jannik Sinner
SF,SF-02,Half 02,Adrian Mannarino,Marin Cilic
SF,SF-02,Half 02,Adrian Mannarino,Moise Kouame
SF,SF-02,Half 02,Adrian Mannarino,Qualifier
SF,SF-02,Half 02,Adrian Mannarino,Stefanos Tsitsipas
SF,SF-02,Half 02,Adrian Mannarino,Tomas Machac
SF,SF-02,Half 02,Adrian Mannarino,Ugo Humbert
SF,SF-02,Half 02,Alexander Zverev,Alexei Popyrin
SF,SF-02,Half 02,Alexander Zverev,Casper Ruud
SF,SF-02,Half 02,Alexander Zverev,Corentin Moutet
SF,SF-02,Half 02,Alexander Zverev,Daniel Altmaier
SF,SF-02,Half 02,Alexander Zverev,Francisco Cerundolo
SF,SF-02,Half 02,Alexander Zverev,Felix Auger-Aliassime
SF,SF-02,Half 02,Alexander Zverev,Jannik Sinner
SF,SF-02,Half 02,Alexander Zverev,Marin Cilic
SF,SF-02,Half 02,Alexander Zverev,Moise Kouame
SF,SF-02,Half 02,Alexander Zverev,Qualifier
SF,SF-02,Half 02,Alexander Zverev,Stefanos Tsitsipas
SF,SF-02,Half 02,Alexander Zverev,Tomas Machac
SF,SF-02,Half 02,Alexander Zverev,Ugo Humbert
SF,SF-02,Half 02,Alexei Popyrin,Andrey Rublev
SF,SF-02,Half 02,Alexei Popyrin,Arthur Rinderknech
SF,SF-02,Half 02,Alexei Popyrin,Daniil Medvedev
SF,SF-02,Half 02,Alexei Popyrin,Gabriel Diallo
SF,SF-02,Half 02,Alexei Popyrin,Giovanni Mpetshi Perricard
SF,SF-02,Half 02,Alexei Popyrin,Joao Fonseca
SF,SF-02,Half 02,Alexei Popyrin,Karen Khachanov
SF,SF-02,Half 02,Alexei Popyrin,Matteo Berrettini
SF,SF-02,Half 02,Alexei Popyrin,Nuno Borges
SF,SF-02,Half 02,Alexei Popyrin,Qualifier
SF,SF-02,Half 02,Alexei Popyrin,Zizou Bergs
SF,SF-02,Half 02,Andrey Rublev,Casper Ruud
SF,SF-02,Half 02,Andrey Rublev,Corentin Moutet
SF,SF-02,Half 02,Andrey Rublev,Daniel Altmaier
SF,SF-02,Half 02,Andrey Rublev,Francisco Cerundolo
SF,SF-02,Half 02,Andrey Rublev,Felix Auger-Aliassime
SF,SF-02,Half 02,Andrey Rublev,Jannik Sinner
SF,SF-02,Half 02,Andrey Rublev,Marin Cilic
SF,SF-02,Half 02,Andrey Rublev,Moise Kouame
SF,SF-02,Half 02,Andrey Rublev,Qualifier
SF,SF-02,Half 02,Andrey Rublev,Stefanos Tsitsipas
SF,SF-02,Half 02,Andrey Rublev,Tomas Machac
SF,SF-02,Half 02,Andrey Rublev,Ugo Humbert
SF,SF-02,Half 02,Arthur Rinderknech,Casper Ruud
SF,SF-02,Half 02,Arthur Rinderknech,Corentin Moutet
SF,SF-02,Half 02,Arthur Rinderknech,Daniel Altmaier
SF,SF-02,Half 02,Arthur Rinderknech,Francisco Cerundolo
SF,SF-02,Half 02,Arthur Rinderknech,Felix Auger-Aliassime
SF,SF-02,Half 02,Arthur Rinderknech,Jannik Sinner
SF,SF-02,Half 02,Arthur Rinderknech,Marin Cilic
SF,SF-02,Half 02,Arthur Rinderknech,Moise Kouame
SF,SF-02,Half 02,Arthur Rinderknech,Qualifier
SF,SF-02,Half 02,Arthur Rinderknech,Stefanos Tsitsipas
SF,SF-02,Half 02,Arthur Rinderknech,Tomas Machac
SF,SF-02,Half 02,Arthur Rinderknech,Ugo Humbert
SF,SF-02,Half 02,Casper Ruud,Daniil Medvedev
SF,SF-02,Half 02,Casper Ruud,Gabriel Diallo
SF,SF-02,Half 02,Casper Ruud,Giovanni Mpetshi Perricard
SF,SF-02,Half 02,Casper Ruud,Joao Fonseca
SF,SF-02,Half 02,Casper Ruud,Karen Khachanov
SF,SF-02,Half 02,Casper Ruud,Matteo Berrettini
SF,SF-02,Half 02,Casper Ruud,Nuno Borges
SF,SF-02,Half 02,Casper Ruud,Qualifier
SF,SF-02,Half 02,Casper Ruud,Zizou Bergs
SF,SF-02,Half 02,Corentin Moutet,Daniil Medvedev
SF,SF-02,Half 02,Corentin Moutet,Gabriel Diallo
SF,SF-02,Half 02,Corentin Moutet,Giovanni Mpetshi Perricard
SF,SF-02,Half 02,Corentin Moutet,Joao Fonseca
SF,SF-02,Half 02,Corentin Moutet,Karen Khachanov
SF,SF-02,Half 02,Corentin Moutet,Matteo Berrettini
SF,SF-02,Half 02,Corentin Moutet,Nuno Borges
SF,SF-02,Half 02,Corentin Moutet,Qualifier
SF,SF-02,Half 02,Corentin Moutet,Zizou Bergs
SF,SF-02,Half 02,Daniel Altmaier,Daniil Medvedev
SF,SF-02,Half 02,Daniel Altmaier,Gabriel Diallo
SF,SF-02,Half 02,Daniel Altmaier,Giovanni Mpetshi Perricard
SF,SF-02,Half 02,Daniel Altmaier,Joao Fonseca
SF,SF-02,Half 02,Daniel Altmaier,Karen Khachanov
SF,SF-02,Half 02,Daniel Altmaier,Matteo Berrettini
SF,SF-02,Half 02,Daniel Altmaier,Nuno Borges
SF,SF-02,Half 02,Daniel Altmaier,Qualifier
SF,SF-02,Half 02,Daniel Altmaier,Zizou Bergs
SF,SF-02,Half 02,Daniil Medvedev,Francisco Cerundolo
SF,SF-02,Half 02,Daniil Medvedev,Felix Auger-Aliassime
SF,SF-02,Half 02,Daniil Medvedev,Jannik Sinner
SF,SF-02,Half 02,Daniil Medvedev,Marin Cilic
SF,SF-02,Half 02,Daniil Medvedev,Moise Kouame
SF,SF-02,Half 02,Daniil Medvedev,Qualifier
SF,SF-02,Half 02,Daniil Medvedev,Stefanos Tsitsipas
SF,SF-02,Half 02,Daniil Medvedev,Tomas Machac
SF,SF-02,Half 02,Daniil Medvedev,Ugo Humbert
SF,SF-02,Half 02,Francisco Cerundolo,Gabriel Diallo
SF,SF-02,Half 02,Francisco Cerundolo,Giovanni Mpetshi Perricard
SF,SF-02,Half 02,Francisco Cerundolo,Joao Fonseca
SF,SF-02,Half 02,Francisco Cerundolo,Karen Khachanov
SF,SF-02,Half 02,Francisco Cerundolo,Matteo Berrettini
SF,SF-02,Half 02,Francisco Cerundolo,Nuno Borges
SF,SF-02,Half 02,Francisco Cerundolo,Qualifier
SF,SF-02,Half 02,Francisco Cerundolo,Zizou Bergs
SF,SF-02,Half 02,Felix Auger-Aliassime,Gabriel Diallo
SF,SF-02,Half 02,Felix Auger-Aliassime,Giovanni Mpetshi Perricard
SF,SF-02,Half 02,Felix Auger-Aliassime,Joao Fonseca
SF,SF-02,Half 02,Felix Auger-Aliassime,Karen Khachanov
SF,SF-02,Half 02,Felix Auger-Aliassime,Matteo Berrettini
SF,SF-02,Half 02,Felix Auger-Aliassime,Nuno Borges
SF,SF-02,Half 02,Felix Auger-Aliassime,Qualifier
SF,SF-02,Half 02,Felix Auger-Aliassime,Zizou Bergs
SF,SF-02,Half 02,Gabriel Diallo,Jannik Sinner
SF,SF-02,Half 02,Gabriel Diallo,Marin Cilic
SF,SF-02,Half 02,Gabriel Diallo,Moise Kouame
SF,SF-02,Half 02,Gabriel Diallo,Qualifier
SF,SF-02,Half 02,Gabriel Diallo,Stefanos Tsitsipas
SF,SF-02,Half 02,Gabriel Diallo,Tomas Machac
SF,SF-02,Half 02,Gabriel Diallo,Ugo Humbert
SF,SF-02,Half 02,Giovanni Mpetshi Perricard,Jannik Sinner
SF,SF-02,Half 02,Giovanni Mpetshi Perricard,Marin Cilic
SF,SF-02,Half 02,Giovanni Mpetshi Perricard,Moise Kouame
SF,SF-02,Half 02,Giovanni Mpetshi Perricard,Qualifier
SF,SF-02,Half 02,Giovanni Mpetshi Perricard,Stefanos Tsitsipas
SF,SF-02,Half 02,Giovanni Mpetshi Perricard,Tomas Machac
SF,SF-02,Half 02,Giovanni Mpetshi Perricard,Ugo Humbert
SF,SF-02,Half 02,Jannik Sinner,Joao Fonseca
SF,SF-02,Half 02,Jannik Sinner,Karen Khachanov
SF,SF-02,Half 02,Jannik Sinner,Matteo Berrettini
SF,SF-02,Half 02,Jannik Sinner,Nuno Borges
SF,SF-02,Half 02,Jannik Sinner,Qualifier
SF,SF-02,Half 02,Jannik Sinner,Zizou Bergs
SF,SF-02,Half 02,Joao Fonseca,Marin Cilic
SF,SF-02,Half 02,Joao Fonseca,Moise Kouame
SF,SF-02,Half 02,Joao Fonseca,Qualifier
SF,SF-02,Half 02,Joao Fonseca,Stefanos Tsitsipas
SF,SF-02,Half 02,Joao Fonseca,Tomas Machac
SF,SF-02,Half 02,Joao Fonseca,Ugo Humbert
SF,SF-02,Half 02,Karen Khachanov,Marin Cilic
SF,SF-02,Half 02,Karen Khachanov,Moise Kouame
SF,SF-02,Half 02,Karen Khachanov,Qualifier
SF,SF-02,Half 02,Karen Khachanov,Stefanos Tsitsipas
SF,SF-02,Half 02,Karen Khachanov,Tomas Machac
SF,SF-02,Half 02,Karen Khachanov,Ugo Humbert
SF,SF-02,Half 02,Marin Cilic,Matteo Berrettini
SF,SF-02,Half 02,Marin Cilic,Nuno Borges
SF,SF-02,Half 02,Marin Cilic,Qualifier
SF,SF-02,Half 02,Marin Cilic,Zizou Bergs
SF,SF-02,Half 02,Matteo Berrettini,Moise Kouame
SF,SF-02,Half 02,Matteo Berrettini,Qualifier
SF,SF-02,Half 02,Matteo Berrettini,Stefanos Tsitsipas
SF,SF-02,Half 02,Matteo Berrettini,Tomas Machac
SF,SF-02,Half 02,Matteo Berrettini,Ugo Humbert
SF,SF-02,Half 02,Moise Kouame,Nuno Borges
SF,SF-02,Half 02,Moise Kouame,Qualifier
SF,SF-02,Half 02,Moise Kouame,Zizou Bergs
SF,SF-02,Half 02,Nuno Borges,Qualifier
SF,SF-02,Half 02,Nuno Borges,Stefanos Tsitsipas
SF,SF-02,Half 02,Nuno Borges,Tomas Machac
SF,SF-02,Half 02,Nuno Borges,Ugo Humbert
SF,SF-02,Half 02,Qualifier,Stefanos Tsitsipas
SF,SF-02,Half 02,Qualifier,Tomas Machac
SF,SF-02,Half 02,Qualifier,Ugo Humbert
SF,SF-02,Half 02,Qualifier,Zizou Bergs
SF,SF-02,Half 02,Stefanos Tsitsipas,Zizou Bergs
SF,SF-02,Half 02,Tomas Machac,Zizou Bergs
SF,SF-02,Half 02,Ugo Humbert,Zizou Bergs
F,F-01,Final,Adrian Mannarino,Alejandro Tabilo
F,F-01,Final,Adrian Mannarino,Alex de Minaur
F,F-01,Final,Adrian Mannarino,Alexander Bublik
F,F-01,Final,Adrian Mannarino,Cameron Norrie
F,F-01,Final,Adrian Mannarino,Carlos Alcaraz
F,F-01,Final,Adrian Mannarino,Denis Shapovalov
F,F-01,Final,Adrian Mannarino,Flavio Cobolli
F,F-01,Final,Adrian Mannarino,Frances Tiafoe
F,F-01,Final,Adrian Mannarino,Fabian Marozsan
F,F-01,Final,Adrian Mannarino,Gael Monfils
F,F-01,Final,Adrian Mannarino,Grigor Dimitrov
F,F-01,Final,Adrian Mannarino,Hubert Hurkacz
F,F-01,Final,Adrian Mannarino,Jakub Mensik
F,F-01,Final,Adrian Mannarino,Jiri Lehecka
F,F-01,Final,Adrian Mannarino,Kamil Majchrzak
F,F-01,Final,Adrian Mannarino,Lorenzo Musetti
F,F-01,Final,Adrian Mannarino,Luciano Darderi
F,F-01,Final,Adrian Mannarino,Miomir Kecmanovic
F,F-01,Final,Adrian Mannarino,Marton Fucsovics
F,F-01,Final,Adrian Mannarino,Qualifier
F,F-01,Final,Adrian Mannarino,Sebastian Baez
F,F-01,Final,Adrian Mannarino,Stan Wawrinka
F,F-01,Final,Adrian Mannarino,Tallon Griekspoor
F,F-01,Final,Adrian Mannarino,Terence Atmane
F,F-01,Final,Adrian Mannarino,Tomas Martin Etcheverry
F,F-01,Final,Adrian Mannarino,Valentin Vacherot
F,F-01,Final,Alejandro Tabilo,Alexander Zverev
F,F-01,Final,Alejandro Tabilo,Alexei Popyrin
F,F-01,Final,Alejandro Tabilo,Andrey Rublev
F,F-01,Final,Alejandro Tabilo,Arthur Rinderknech
F,F-01,Final,Alejandro Tabilo,Casper Ruud
F,F-01,Final,Alejandro Tabilo,Corentin Moutet
F,F-01,Final,Alejandro Tabilo,Daniel Altmaier
F,F-01,Final,Alejandro Tabilo,Daniil Medvedev
F,F-01,Final,Alejandro Tabilo,Francisco Cerundolo
F,F-01,Final,Alejandro Tabilo,Felix Auger-Aliassime
F,F-01,Final,Alejandro Tabilo,Gabriel Diallo
F,F-01,Final,Alejandro Tabilo,Giovanni Mpetshi Perricard
F,F-01,Final,Alejandro Tabilo,Jannik Sinner
F,F-01,Final,Alejandro Tabilo,Joao Fonseca
F,F-01,Final,Alejandro Tabilo,Karen Khachanov
F,F-01,Final,Alejandro Tabilo,Marin Cilic
F,F-01,Final,Alejandro Tabilo,Matteo Berrettini
F,F-01,Final,Alejandro Tabilo,Moise Kouame
F,F-01,Final,Alejandro Tabilo,Nuno Borges
F,F-01,Final,Alejandro Tabilo,Qualifier
F,F-01,Final,Alejandro Tabilo,Stefanos Tsitsipas
F,F-01,Final,Alejandro Tabilo,Tomas Machac
F,F-01,Final,Alejandro Tabilo,Ugo Humbert
F,F-01,Final,Alejandro Tabilo,Zizou Bergs
F,F-01,Final,Alex de Minaur,Alexander Zverev
F,F-01,Final,Alex de Minaur,Alexei Popyrin
F,F-01,Final,Alex de Minaur,Andrey Rublev
F,F-01,Final,Alex de Minaur,Arthur Rinderknech
F,F-01,Final,Alex de Minaur,Casper Ruud
F,F-01,Final,Alex de Minaur,Corentin Moutet
F,F-01,Final,Alex de Minaur,Daniel Altmaier
F,F-01,Final,Alex de Minaur,Daniil Medvedev
F,F-01,Final,Alex de Minaur,Francisco Cerundolo
F,F-01,Final,Alex de Minaur,Felix Auger-Aliassime
F,F-01,Final,Alex de Minaur,Gabriel Diallo
F,F-01,Final,Alex de Minaur,Giovanni Mpetshi Perricard
F,F-01,Final,Alex de Minaur,Jannik Sinner
F,F-01,Final,Alex de Minaur,Joao Fonseca
F,F-01,Final,Alex de Minaur,Karen Khachanov
F,F-01,Final,Alex de Minaur,Marin Cilic
F,F-01,Final,Alex de Minaur,Matteo Berrettini
F,F-01,Final,Alex de Minaur,Moise Kouame
F,F-01,Final,Alex de Minaur,Nuno Borges
F,F-01,Final,Alex de Minaur,Qualifier
F,F-01,Final,Alex de Minaur,Stefanos Tsitsipas
F,F-01,Final,Alex de Minaur,Tomas Machac
F,F-01,Final,Alex de Minaur,Ugo Humbert
F,F-01,Final,Alex de Minaur,Zizou Bergs
F,F-01,Final,Alexander Bublik,Alexander Zverev
F,F-01,Final,Alexander Bublik,Alexei Popyrin
F,F-01,Final,Alexander Bublik,Andrey Rublev
F,F-01,Final,Alexander Bublik,Arthur Rinderknech
F,F-01,Final,Alexander Bublik,Casper Ruud
F,F-01,Final,Alexander Bublik,Corentin Moutet
F,F-01,Final,Alexander Bublik,Daniel Altmaier
F,F-01,Final,Alexander Bublik,Daniil Medvedev
F,F-01,Final,Alexander Bublik,Francisco Cerundolo
F,F-01,Final,Alexander Bublik,Felix Auger-Aliassime
F,F-01,Final,Alexander Bublik,Gabriel Diallo
F,F-01,Final,Alexander Bublik,Giovanni Mpetshi Perricard
F,F-01,Final,Alexander Bublik,Jannik Sinner
F,F-01,Final,Alexander Bublik,Joao Fonseca
F,F-01,Final,Alexander Bublik,Karen Khachanov
F,F-01,Final,Alexander Bublik,Marin Cilic
F,F-01,Final,Alexander Bublik,Matteo Berrettini
F,F-01,Final,Alexander Bublik,Moise Kouame
F,F-01,Final,Alexander Bublik,Nuno Borges
F,F-01,Final,Alexander Bublik,Qualifier
F,F-01,Final,Alexander Bublik,Stefanos Tsitsipas
F,F-01,Final,Alexander Bublik,Tomas Machac
F,F-01,Final,Alexander Bublik,Ugo Humbert
F,F-01,Final,Alexander Bublik,Zizou Bergs
F,F-01,Final,Alexander Zverev,Cameron Norrie
F,F-01,Final,Alexander Zverev,Carlos Alcaraz
F,F-01,Final,Alexander Zverev,Denis Shapovalov
F,F-01,Final,Alexander Zverev,Flavio Cobolli
F,F-01,Final,Alexander Zverev,Frances Tiafoe
F,F-01,Final,Alexander Zverev,Fabian Marozsan
F,F-01,Final,Alexander Zverev,Gael Monfils
F,F-01,Final,Alexander Zverev,Grigor Dimitrov
F,F-01,Final,Alexander Zverev,Hubert Hurkacz
F,F-01,Final,Alexander Zverev,Jakub Mensik
F,F-01,Final,Alexander Zverev,Jiri Lehecka
F,F-01,Final,Alexander Zverev,Kamil Majchrzak
F,F-01,Final,Alexander Zverev,Lorenzo Musetti
F,F-01,Final,Alexander Zverev,Luciano Darderi
F,F-01,Final,Alexander Zverev,Miomir Kecmanovic
F,F-01,Final,Alexander Zverev,Marton Fucsovics
F,F-01,Final,Alexander Zverev,Qualifier
F,F-01,Final,Alexander Zverev,Sebastian Baez
F,F-01,Final,Alexander Zverev,Stan Wawrinka
F,F-01,Final,Alexander Zverev,Tallon Griekspoor
F,F-01,Final,Alexander Zverev,Terence Atmane
F,F-01,Final,Alexander Zverev,Tomas Martin Etcheverry
F,F-01,Final,Alexander Zverev,Valentin Vacherot
F,F-01,Final,Alexei Popyrin,Cameron Norrie
F,F-01,Final,Alexei Popyrin,Carlos Alcaraz
F,F-01,Final,Alexei Popyrin,Denis Shapovalov
F,F-01,Final,Alexei Popyrin,Flavio Cobolli
F,F-01,Final,Alexei Popyrin,Frances Tiafoe
F,F-01,Final,Alexei Popyrin,Fabian Marozsan
F,F-01,Final,Alexei Popyrin,Gael Monfils
F,F-01,Final,Alexei Popyrin,Grigor Dimitrov
F,F-01,Final,Alexei Popyrin,Hubert Hurkacz
F,F-01,Final,Alexei Popyrin,Jakub Mensik
F,F-01,Final,Alexei Popyrin,Jiri Lehecka
F,F-01,Final,Alexei Popyrin,Kamil Majchrzak
F,F-01,Final,Alexei Popyrin,Lorenzo Musetti
F,F-01,Final,Alexei Popyrin,Luciano Darderi
F,F-01,Final,Alexei Popyrin,Miomir Kecmanovic
F,F-01,Final,Alexei Popyrin,Marton Fucsovics
F,F-01,Final,Alexei Popyrin,Qualifier
F,F-01,Final,Alexei Popyrin,Sebastian Baez
F,F-01,Final,Alexei Popyrin,Stan Wawrinka
F,F-01,Final,Alexei Popyrin,Tallon Griekspoor
F,F-01,Final,Alexei Popyrin,Terence Atmane
F,F-01,Final,Alexei Popyrin,Tomas Martin Etcheverry
F,F-01,Final,Alexei Popyrin,Valentin Vacherot
F,F-01,Final,Andrey Rublev,Cameron Norrie
F,F-01,Final,Andrey Rublev,Carlos Alcaraz
F,F-01,Final,Andrey Rublev,Denis Shapovalov
F,F-01,Final,Andrey Rublev,Flavio Cobolli
F,F-01,Final,Andrey Rublev,Frances Tiafoe
F,F-01,Final,Andrey Rublev,Fabian Marozsan
F,F-01,Final,Andrey Rublev,Gael Monfils
F,F-01,Final,Andrey Rublev,Grigor Dimitrov
F,F-01,Final,Andrey Rublev,Hubert Hurkacz
F,F-01,Final,Andrey Rublev,Jakub Mensik
F,F-01,Final,Andrey Rublev,Jiri Lehecka
F,F-01,Final,Andrey Rublev,Kamil Majchrzak
F,F-01,Final,Andrey Rublev,Lorenzo Musetti
F,F-01,Final,Andrey Rublev,Luciano Darderi
F,F-01,Final,Andrey Rublev,Miomir Kecmanovic
F,F-01,Final,Andrey Rublev,Marton Fucsovics
F,F-01,Final,Andrey Rublev,Qualifier
F,F-01,Final,Andrey Rublev,Sebastian Baez
F,F-01,Final,Andrey Rublev,Stan Wawrinka
F,F-01,Final,Andrey Rublev,Tallon Griekspoor
F,F-01,Final,Andrey Rublev,Terence Atmane
F,F-01,Final,Andrey Rublev,Tomas Martin Etcheverry
F,F-01,Final,Andrey Rublev,Valentin Vacherot
F,F-01,Final,Arthur Rinderknech,Cameron Norrie
F,F-01,Final,Arthur Rinderknech,Carlos Alcaraz
F,F-01,Final,Arthur Rinderknech,Denis Shapovalov
F,F-01,Final,Arthur Rinderknech,Flavio Cobolli
F,F-01,Final,Arthur Rinderknech,Frances Tiafoe
F,F-01,Final,Arthur Rinderknech,Fabian Marozsan
F,F-01,Final,Arthur Rinderknech,Gael Monfils
F,F-01,Final,Arthur Rinderknech,Grigor Dimitrov
F,F-01,Final,Arthur Rinderknech,Hubert Hurkacz
F,F-01,Final,Arthur Rinderknech,Jakub Mensik
F,F-01,Final,Arthur Rinderknech,Jiri Lehecka
F,F-01,Final,Arthur Rinderknech,Kamil Majchrzak
F,F-01,Final,Arthur Rinderknech,Lorenzo Musetti
F,F-01,Final,Arthur Rinderknech,Luciano Darderi
F,F-01,Final,Arthur Rinderknech,Miomir Kecmanovic
F,F-01,Final,Arthur Rinderknech,Marton Fucsovics
F,F-01,Final,Arthur Rinderknech,Qualifier
F,F-01,Final,Arthur Rinderknech,Sebastian Baez
F,F-01,Final,Arthur Rinderknech,Stan Wawrinka
F,F-01,Final,Arthur Rinderknech,Tallon Griekspoor
F,F-01,Final,Arthur Rinderknech,Terence Atmane
F,F-01,Final,Arthur Rinderknech,Tomas Martin Etcheverry
F,F-01,Final,Arthur Rinderknech,Valentin Vacherot
F,F-01,Final,Cameron Norrie,Casper Ruud
F,F-01,Final,Cameron Norrie,Corentin Moutet
F,F-01,Final,Cameron Norrie,Daniel Altmaier
F,F-01,Final,Cameron Norrie,Daniil Medvedev
F,F-01,Final,Cameron Norrie,Francisco Cerundolo
F,F-01,Final,Cameron Norrie,Felix Auger-Aliassime
F,F-01,Final,Cameron Norrie,Gabriel Diallo
F,F-01,Final,Cameron Norrie,Giovanni Mpetshi Perricard
F,F-01,Final,Cameron Norrie,Jannik Sinner
F,F-01,Final,Cameron Norrie,Joao Fonseca
F,F-01,Final,Cameron Norrie,Karen Khachanov
F,F-01,Final,Cameron Norrie,Marin Cilic
F,F-01,Final,Cameron Norrie,Matteo Berrettini
F,F-01,Final,Cameron Norrie,Moise Kouame
F,F-01,Final,Cameron Norrie,Nuno Borges
F,F-01,Final,Cameron Norrie,Qualifier
F,F-01,Final,Cameron Norrie,Stefanos Tsitsipas
F,F-01,Final,Cameron Norrie,Tomas Machac
F,F-01,Final,Cameron Norrie,Ugo Humbert
F,F-01,Final,Cameron Norrie,Zizou Bergs
F,F-01,Final,Carlos Alcaraz,Casper Ruud
F,F-01,Final,Carlos Alcaraz,Corentin Moutet
F,F-01,Final,Carlos Alcaraz,Daniel Altmaier
F,F-01,Final,Carlos Alcaraz,Daniil Medvedev
F,F-01,Final,Carlos Alcaraz,Francisco Cerundolo
F,F-01,Final,Carlos Alcaraz,Felix Auger-Aliassime
F,F-01,Final,Carlos Alcaraz,Gabriel Diallo
F,F-01,Final,Carlos Alcaraz,Giovanni Mpetshi Perricard
F,F-01,Final,Carlos Alcaraz,Jannik Sinner
F,F-01,Final,Carlos Alcaraz,Joao Fonseca
F,F-01,Final,Carlos Alcaraz,Karen Khachanov
F,F-01,Final,Carlos Alcaraz,Marin Cilic
F,F-01,Final,Carlos Alcaraz,Matteo Berrettini
F,F-01,Final,Carlos Alcaraz,Moise Kouame
F,F-01,Final,Carlos Alcaraz,Nuno Borges
F,F-01,Final,Carlos Alcaraz,Qualifier
F,F-01,Final,Carlos Alcaraz,Stefanos Tsitsipas
F,F-01,Final,Carlos Alcaraz,Tomas Machac
F,F-01,Final,Carlos Alcaraz,Ugo Humbert
F,F-01,Final,Carlos Alcaraz,Zizou Bergs
F,F-01,Final,Casper Ruud,Denis Shapovalov
F,F-01,Final,Casper Ruud,Flavio Cobolli
F,F-01,Final,Casper Ruud,Frances Tiafoe
F,F-01,Final,Casper Ruud,Fabian Marozsan
F,F-01,Final,Casper Ruud,Gael Monfils
F,F-01,Final,Casper Ruud,Grigor Dimitrov
F,F-01,Final,Casper Ruud,Hubert Hurkacz
F,F-01,Final,Casper Ruud,Jakub Mensik
F,F-01,Final,Casper Ruud,Jiri Lehecka
F,F-01,Final,Casper Ruud,Kamil Majchrzak
F,F-01,Final,Casper Ruud,Lorenzo Musetti
F,F-01,Final,Casper Ruud,Luciano Darderi
F,F-01,Final,Casper Ruud,Miomir Kecmanovic
F,F-01,Final,Casper Ruud,Marton Fucsovics
F,F-01,Final,Casper Ruud,Qualifier
F,F-01,Final,Casper Ruud,Sebastian Baez
F,F-01,Final,Casper Ruud,Stan Wawrinka
F,F-01,Final,Casper Ruud,Tallon Griekspoor
F,F-01,Final,Casper Ruud,Terence Atmane
F,F-01,Final,Casper Ruud,Tomas Martin Etcheverry
F,F-01,Final,Casper Ruud,Valentin Vacherot
F,F-01,Final,Corentin Moutet,Denis Shapovalov
F,F-01,Final,Corentin Moutet,Flavio Cobolli
F,F-01,Final,Corentin Moutet,Frances Tiafoe
F,F-01,Final,Corentin Moutet,Fabian Marozsan
F,F-01,Final,Corentin Moutet,Gael Monfils
F,F-01,Final,Corentin Moutet,Grigor Dimitrov
F,F-01,Final,Corentin Moutet,Hubert Hurkacz
F,F-01,Final,Corentin Moutet,Jakub Mensik
F,F-01,Final,Corentin Moutet,Jiri Lehecka
F,F-01,Final,Corentin Moutet,Kamil Majchrzak
F,F-01,Final,Corentin Moutet,Lorenzo Musetti
F,F-01,Final,Corentin Moutet,Luciano Darderi
F,F-01,Final,Corentin Moutet,Miomir Kecmanovic
F,F-01,Final,Corentin Moutet,Marton Fucsovics
F,F-01,Final,Corentin Moutet,Qualifier
F,F-01,Final,Corentin Moutet,Sebastian Baez
F,F-01,Final,Corentin Moutet,Stan Wawrinka
F,F-01,Final,Corentin Moutet,Tallon Griekspoor
F,F-01,Final,Corentin Moutet,Terence Atmane
F,F-01,Final,Corentin Moutet,Tomas Martin Etcheverry
F,F-01,Final,Corentin Moutet,Valentin Vacherot
F,F-01,Final,Daniel Altmaier,Denis Shapovalov
F,F-01,Final,Daniel Altmaier,Flavio Cobolli
F,F-01,Final,Daniel Altmaier,Frances Tiafoe
F,F-01,Final,Daniel Altmaier,Fabian Marozsan
F,F-01,Final,Daniel Altmaier,Gael Monfils
F,F-01,Final,Daniel Altmaier,Grigor Dimitrov
F,F-01,Final,Daniel Altmaier,Hubert Hurkacz
F,F-01,Final,Daniel Altmaier,Jakub Mensik
F,F-01,Final,Daniel Altmaier,Jiri Lehecka
F,F-01,Final,Daniel Altmaier,Kamil Majchrzak
F,F-01,Final,Daniel Altmaier,Lorenzo Musetti
F,F-01,Final,Daniel Altmaier,Luciano Darderi
F,F-01,Final,Daniel Altmaier,Miomir Kecmanovic
F,F-01,Final,Daniel Altmaier,Marton Fucsovics
F,F-01,Final,Daniel Altmaier,Qualifier
F,F-01,Final,Daniel Altmaier,Sebastian Baez
F,F-01,Final,Daniel Altmaier,Stan Wawrinka
F,F-01,Final,Daniel Altmaier,Tallon Griekspoor
F,F-01,Final,Daniel Altmaier,Terence Atmane
F,F-01,Final,Daniel Altmaier,Tomas Martin Etcheverry
F,F-01,Final,Daniel Altmaier,Valentin Vacherot
F,F-01,Final,Daniil Medvedev,Denis Shapovalov
F,F-01,Final,Daniil Medvedev,Flavio Cobolli
F,F-01,Final,Daniil Medvedev,Frances Tiafoe
F,F-01,Final,Daniil Medvedev,Fabian Marozsan
F,F-01,Final,Daniil Medvedev,Gael Monfils
F,F-01,Final,Daniil Medvedev,Grigor Dimitrov
F,F-01,Final,Daniil Medvedev,Hubert Hurkacz
F,F-01,Final,Daniil Medvedev,Jakub Mensik
F,F-01,Final,Daniil Medvedev,Jiri Lehecka
F,F-01,Final,Daniil Medvedev,Kamil Majchrzak
F,F-01,Final,Daniil Medvedev,Lorenzo Musetti
F,F-01,Final,Daniil Medvedev,Luciano Darderi
F,F-01,Final,Daniil Medvedev,Miomir Kecmanovic
F,F-01,Final,Daniil Medvedev,Marton Fucsovics
F,F-01,Final,Daniil Medvedev,Qualifier
F,F-01,Final,Daniil Medvedev,Sebastian Baez
F,F-01,Final,Daniil Medvedev,Stan Wawrinka
F,F-01,Final,Daniil Medvedev,Tallon Griekspoor
F,F-01,Final,Daniil Medvedev,Terence Atmane
F,F-01,Final,Daniil Medvedev,Tomas Martin Etcheverry
F,F-01,Final,Daniil Medvedev,Valentin Vacherot
F,F-01,Final,Denis Shapovalov,Francisco Cerundolo
F,F-01,Final,Denis Shapovalov,Felix Auger-Aliassime
F,F-01,Final,Denis Shapovalov,Gabriel Diallo
F,F-01,Final,Denis Shapovalov,Giovanni Mpetshi Perricard
F,F-01,Final,Denis Shapovalov,Jannik Sinner
F,F-01,Final,Denis Shapovalov,Joao Fonseca
F,F-01,Final,Denis Shapovalov,Karen Khachanov
F,F-01,Final,Denis Shapovalov,Marin Cilic
F,F-01,Final,Denis Shapovalov,Matteo Berrettini
F,F-01,Final,Denis Shapovalov,Moise Kouame
F,F-01,Final,Denis Shapovalov,Nuno Borges
F,F-01,Final,Denis Shapovalov,Qualifier
F,F-01,Final,Denis Shapovalov,Stefanos Tsitsipas
F,F-01,Final,Denis Shapovalov,Tomas Machac
F,F-01,Final,Denis Shapovalov,Ugo Humbert
F,F-01,Final,Denis Shapovalov,Zizou Bergs
F,F-01,Final,Flavio Cobolli,Francisco Cerundolo
F,F-01,Final,Flavio Cobolli,Felix Auger-Aliassime
F,F-01,Final,Flavio Cobolli,Gabriel Diallo
F,F-01,Final,Flavio Cobolli,Giovanni Mpetshi Perricard
F,F-01,Final,Flavio Cobolli,Jannik Sinner
F,F-01,Final,Flavio Cobolli,Joao Fonseca
F,F-01,Final,Flavio Cobolli,Karen Khachanov
F,F-01,Final,Flavio Cobolli,Marin Cilic
F,F-01,Final,Flavio Cobolli,Matteo Berrettini
F,F-01,Final,Flavio Cobolli,Moise Kouame
F,F-01,Final,Flavio Cobolli,Nuno Borges
F,F-01,Final,Flavio Cobolli,Qualifier
F,F-01,Final,Flavio Cobolli,Stefanos Tsitsipas
F,F-01,Final,Flavio Cobolli,Tomas Machac
F,F-01,Final,Flavio Cobolli,Ugo Humbert
F,F-01,Final,Flavio Cobolli,Zizou Bergs
F,F-01,Final,Frances Tiafoe,Francisco Cerundolo
F,F-01,Final,Frances Tiafoe,Felix Auger-Aliassime
F,F-01,Final,Frances Tiafoe,Gabriel Diallo
F,F-01,Final,Frances Tiafoe,Giovanni Mpetshi Perricard
F,F-01,Final,Frances Tiafoe,Jannik Sinner
F,F-01,Final,Frances Tiafoe,Joao Fonseca
F,F-01,Final,Frances Tiafoe,Karen Khachanov
F,F-01,Final,Frances Tiafoe,Marin Cilic
F,F-01,Final,Frances Tiafoe,Matteo Berrettini
F,F-01,Final,Frances Tiafoe,Moise Kouame
F,F-01,Final,Frances Tiafoe,Nuno Borges
F,F-01,Final,Frances Tiafoe,Qualifier
F,F-01,Final,Frances Tiafoe,Stefanos Tsitsipas
F,F-01,Final,Frances Tiafoe,Tomas Machac
F,F-01,Final,Frances Tiafoe,Ugo Humbert
F,F-01,Final,Frances Tiafoe,Zizou Bergs
F,F-01,Final,Francisco Cerundolo,Fabian Marozsan
F,F-01,Final,Francisco Cerundolo,Gael Monfils
F,F-01,Final,Francisco Cerundolo,Grigor Dimitrov
F,F-01,Final,Francisco Cerundolo,Hubert Hurkacz
F,F-01,Final,Francisco Cerundolo,Jakub Mensik
F,F-01,Final,Francisco Cerundolo,Jiri Lehecka
F,F-01,Final,Francisco Cerundolo,Kamil Majchrzak
F,F-01,Final,Francisco Cerundolo,Lorenzo Musetti
F,F-01,Final,Francisco Cerundolo,Luciano Darderi
F,F-01,Final,Francisco Cerundolo,Miomir Kecmanovic
F,F-01,Final,Francisco Cerundolo,Marton Fucsovics
F,F-01,Final,Francisco Cerundolo,Qualifier
F,F-01,Final,Francisco Cerundolo,Sebastian Baez
F,F-01,Final,Francisco Cerundolo,Stan Wawrinka
F,F-01,Final,Francisco Cerundolo,Tallon Griekspoor
F,F-01,Final,Francisco Cerundolo,Terence Atmane
F,F-01,Final,Francisco Cerundolo,Tomas Martin Etcheverry
F,F-01,Final,Francisco Cerundolo,Valentin Vacherot
F,F-01,Final,Fabian Marozsan,Felix Auger-Aliassime
F,F-01,Final,Fabian Marozsan,Gabriel Diallo
F,F-01,Final,Fabian Marozsan,Giovanni Mpetshi Perricard
F,F-01,Final,Fabian Marozsan,Jannik Sinner
F,F-01,Final,Fabian Marozsan,Joao Fonseca
F,F-01,Final,Fabian Marozsan,Karen Khachanov
F,F-01,Final,Fabian Marozsan,Marin Cilic
F,F-01,Final,Fabian Marozsan,Matteo Berrettini
F,F-01,Final,Fabian Marozsan,Moise Kouame
F,F-01,Final,Fabian Marozsan,Nuno Borges
F,F-01,Final,Fabian Marozsan,Qualifier
F,F-01,Final,Fabian Marozsan,Stefanos Tsitsipas
F,F-01,Final,Fabian Marozsan,Tomas Machac
F,F-01,Final,Fabian Marozsan,Ugo Humbert
F,F-01,Final,Fabian Marozsan,Zizou Bergs
F,F-01,Final,Felix Auger-Aliassime,Gael Monfils
F,F-01,Final,Felix Auger-Aliassime,Grigor Dimitrov
F,F-01,Final,Felix Auger-Aliassime,Hubert Hurkacz
F,F-01,Final,Felix Auger-Aliassime,Jakub Mensik
F,F-01,Final,Felix Auger-Aliassime,Jiri Lehecka
F,F-01,Final,Felix Auger-Aliassime,Kamil Majchrzak
F,F-01,Final,Felix Auger-Aliassime,Lorenzo Musetti
F,F-01,Final,Felix Auger-Aliassime,Luciano Darderi
F,F-01,Final,Felix Auger-Aliassime,Miomir Kecmanovic
F,F-01,Final,Felix Auger-Aliassime,Marton Fucsovics
F,F-01,Final,Felix Auger-Aliassime,Qualifier
F,F-01,Final,Felix Auger-Aliassime,Sebastian Baez
F,F-01,Final,Felix Auger-Aliassime,Stan Wawrinka
F,F-01,Final,Felix Auger-Aliassime,Tallon Griekspoor
F,F-01,Final,Felix Auger-Aliassime,Terence Atmane
F,F-01,Final,Felix Auger-Aliassime,Tomas Martin Etcheverry
F,F-01,Final,Felix Auger-Aliassime,Valentin Vacherot
F,F-01,Final,Gabriel Diallo,Gael Monfils
F,F-01,Final,Gabriel Diallo,Grigor Dimitrov
F,F-01,Final,Gabriel Diallo,Hubert Hurkacz
F,F-01,Final,Gabriel Diallo,Jakub Mensik
F,F-01,Final,Gabriel Diallo,Jiri Lehecka
F,F-01,Final,Gabriel Diallo,Kamil Majchrzak
F,F-01,Final,Gabriel Diallo,Lorenzo Musetti
F,F-01,Final,Gabriel Diallo,Luciano Darderi
F,F-01,Final,Gabriel Diallo,Miomir Kecmanovic
F,F-01,Final,Gabriel Diallo,Marton Fucsovics
F,F-01,Final,Gabriel Diallo,Qualifier
F,F-01,Final,Gabriel Diallo,Sebastian Baez
F,F-01,Final,Gabriel Diallo,Stan Wawrinka
F,F-01,Final,Gabriel Diallo,Tallon Griekspoor
F,F-01,Final,Gabriel Diallo,Terence Atmane
F,F-01,Final,Gabriel Diallo,Tomas Martin Etcheverry
F,F-01,Final,Gabriel Diallo,Valentin Vacherot
F,F-01,Final,Gael Monfils,Giovanni Mpetshi Perricard
F,F-01,Final,Gael Monfils,Jannik Sinner
F,F-01,Final,Gael Monfils,Joao Fonseca
F,F-01,Final,Gael Monfils,Karen Khachanov
F,F-01,Final,Gael Monfils,Marin Cilic
F,F-01,Final,Gael Monfils,Matteo Berrettini
F,F-01,Final,Gael Monfils,Moise Kouame
F,F-01,Final,Gael Monfils,Nuno Borges
F,F-01,Final,Gael Monfils,Qualifier
F,F-01,Final,Gael Monfils,Stefanos Tsitsipas
F,F-01,Final,Gael Monfils,Tomas Machac
F,F-01,Final,Gael Monfils,Ugo Humbert
F,F-01,Final,Gael Monfils,Zizou Bergs
F,F-01,Final,Giovanni Mpetshi Perricard,Grigor Dimitrov
F,F-01,Final,Giovanni Mpetshi Perricard,Hubert Hurkacz
F,F-01,Final,Giovanni Mpetshi Perricard,Jakub Mensik
F,F-01,Final,Giovanni Mpetshi Perricard,Jiri Lehecka
F,F-01,Final,Giovanni Mpetshi Perricard,Kamil Majchrzak
F,F-01,Final,Giovanni Mpetshi Perricard,Lorenzo Musetti
F,F-01,Final,Giovanni Mpetshi Perricard,Luciano Darderi
F,F-01,Final,Giovanni Mpetshi Perricard,Miomir Kecmanovic
F,F-01,Final,Giovanni Mpetshi Perricard,Marton Fucsovics
F,F-01,Final,Giovanni Mpetshi Perricard,Qualifier
F,F-01,Final,Giovanni Mpetshi Perricard,Sebastian Baez
F,F-01,Final,Giovanni Mpetshi Perricard,Stan Wawrinka
F,F-01,Final,Giovanni Mpetshi Perricard,Tallon Griekspoor
F,F-01,Final,Giovanni Mpetshi Perricard,Terence Atmane
F,F-01,Final,Giovanni Mpetshi Perricard,Tomas Martin Etcheverry
F,F-01,Final,Giovanni Mpetshi Perricard,Valentin Vacherot
F,F-01,Final,Grigor Dimitrov,Jannik Sinner
F,F-01,Final,Grigor Dimitrov,Joao Fonseca
F,F-01,Final,Grigor Dimitrov,Karen Khachanov
F,F-01,Final,Grigor Dimitrov,Marin Cilic
F,F-01,Final,Grigor Dimitrov,Matteo Berrettini
F,F-01,Final,Grigor Dimitrov,Moise Kouame
F,F-01,Final,Grigor Dimitrov,Nuno Borges
F,F-01,Final,Grigor Dimitrov,Qualifier
F,F-01,Final,Grigor Dimitrov,Stefanos Tsitsipas
F,F-01,Final,Grigor Dimitrov,Tomas Machac
F,F-01,Final,Grigor Dimitrov,Ugo Humbert
F,F-01,Final,Grigor Dimitrov,Zizou Bergs
F,F-01,Final,Hubert Hurkacz,Jannik Sinner
F,F-01,Final,Hubert Hurkacz,Joao Fonseca
F,F-01,Final,Hubert Hurkacz,Karen Khachanov
F,F-01,Final,Hubert Hurkacz,Marin Cilic
F,F-01,Final,Hubert Hurkacz,Matteo Berrettini
F,F-01,Final,Hubert Hurkacz,Moise Kouame
F,F-01,Final,Hubert Hurkacz,Nuno Borges
F,F-01,Final,Hubert Hurkacz,Qualifier
F,F-01,Final,Hubert Hurkacz,Stefanos Tsitsipas
F,F-01,Final,Hubert Hurkacz,Tomas Machac
F,F-01,Final,Hubert Hurkacz,Ugo Humbert
F,F-01,Final,Hubert Hurkacz,Zizou Bergs
F,F-01,Final,Jakub Mensik,Jannik Sinner
F,F-01,Final,Jakub Mensik,Joao Fonseca
F,F-01,Final,Jakub Mensik,Karen Khachanov
F,F-01,Final,Jakub Mensik,Marin Cilic
F,F-01,Final,Jakub Mensik,Matteo Berrettini
F,F-01,Final,Jakub Mensik,Moise Kouame
F,F-01,Final,Jakub Mensik,Nuno Borges
F,F-01,Final,Jakub Mensik,Qualifier
F,F-01,Final,Jakub Mensik,Stefanos Tsitsipas
F,F-01,Final,Jakub Mensik,Tomas Machac
F,F-01,Final,Jakub Mensik,Ugo Humbert
F,F-01,Final,Jakub Mensik,Zizou Bergs
F,F-01,Final,Jannik Sinner,Jiri Lehecka
F,F-01,Final,Jannik Sinner,Kamil Majchrzak
F,F-01,Final,Jannik Sinner,Lorenzo Musetti
F,F-01,Final,Jannik Sinner,Luciano Darderi
F,F-01,Final,Jannik Sinner,Miomir Kecmanovic
F,F-01,Final,Jannik Sinner,Marton Fucsovics
F,F-01,Final,Jannik Sinner,Qualifier
F,F-01,Final,Jannik Sinner,Sebastian Baez
F,F-01,Final,Jannik Sinner,Stan Wawrinka
F,F-01,Final,Jannik Sinner,Tallon Griekspoor
F,F-01,Final,Jannik Sinner,Terence Atmane
F,F-01,Final,Jannik Sinner,Tomas Martin Etcheverry
F,F-01,Final,Jannik Sinner,Valentin Vacherot
F,F-01,Final,Jiri Lehecka,Joao Fonseca
F,F-01,Final,Jiri Lehecka,Karen Khachanov
F,F-01,Final,Jiri Lehecka,Marin Cilic
F,F-01,Final,Jiri Lehecka,Matteo Berrettini
F,F-01,Final,Jiri Lehecka,Moise Kouame
F,F-01,Final,Jiri Lehecka,Nuno Borges
F,F-01,Final,Jiri Lehecka,Qualifier
F,F-01,Final,Jiri Lehecka,Stefanos Tsitsipas
F,F-01,Final,Jiri Lehecka,Tomas Machac
F,F-01,Final,Jiri Lehecka,Ugo Humbert
F,F-01,Final,Jiri Lehecka,Zizou Bergs
F,F-01,Final,Joao Fonseca,Kamil Majchrzak
F,F-01,Final,Joao Fonseca,Lorenzo Musetti
F,F-01,Final,Joao Fonseca,Luciano Darderi
F,F-01,Final,Joao Fonseca,Miomir Kecmanovic
F,F-01,Final,Joao Fonseca,Marton Fucsovics
F,F-01,Final,Joao Fonseca,Qualifier
F,F-01,Final,Joao Fonseca,Sebastian Baez
F,F-01,Final,Joao Fonseca,Stan Wawrinka
F,F-01,Final,Joao Fonseca,Tallon Griekspoor
F,F-01,Final,Joao Fonseca,Terence Atmane
F,F-01,Final,Joao Fonseca,Tomas Martin Etcheverry
F,F-01,Final,Joao Fonseca,Valentin Vacherot
F,F-01,Final,Kamil Majchrzak,Karen Khachanov
F,F-01,Final,Kamil Majchrzak,Marin Cilic
F,F-01,Final,Kamil Majchrzak,Matteo Berrettini
F,F-01,Final,Kamil Majchrzak,Moise Kouame
F,F-01,Final,Kamil Majchrzak,Nuno Borges
F,F-01,Final,Kamil Majchrzak,Qualifier
F,F-01,Final,Kamil Majchrzak,Stefanos Tsitsipas
F,F-01,Final,Kamil Majchrzak,Tomas Machac
F,F-01,Final,Kamil Majchrzak,Ugo Humbert
F,F-01,Final,Kamil Majchrzak,Zizou Bergs
F,F-01,Final,Karen Khachanov,Lorenzo Musetti
F,F-01,Final,Karen Khachanov,Luciano Darderi
F,F-01,Final,Karen Khachanov,Miomir Kecmanovic
F,F-01,Final,Karen Khachanov,Marton Fucsovics
F,F-01,Final,Karen Khachanov,Qualifier
F,F-01,Final,Karen Khachanov,Sebastian Baez
F,F-01,Final,Karen Khachanov,Stan Wawrinka
F,F-01,Final,Karen Khachanov,Tallon Griekspoor
F,F-01,Final,Karen Khachanov,Terence Atmane
F,F-01,Final,Karen Khachanov,Tomas Martin Etcheverry
F,F-01,Final,Karen Khachanov,Valentin Vacherot
F,F-01,Final,Lorenzo Musetti,Marin Cilic
F,F-01,Final,Lorenzo Musetti,Matteo Berrettini
F,F-01,Final,Lorenzo Musetti,Moise Kouame
F,F-01,Final,Lorenzo Musetti,Nuno Borges
F,F-01,Final,Lorenzo Musetti,Qualifier
F,F-01,Final,Lorenzo Musetti,Stefanos Tsitsipas
F,F-01,Final,Lorenzo Musetti,Tomas Machac
F,F-01,Final,Lorenzo Musetti,Ugo Humbert
F,F-01,Final,Lorenzo Musetti,Zizou Bergs
F,F-01,Final,Luciano Darderi,Marin Cilic
F,F-01,Final,Luciano Darderi,Matteo Berrettini
F,F-01,Final,Luciano Darderi,Moise Kouame
F,F-01,Final,Luciano Darderi,Nuno Borges
F,F-01,Final,Luciano Darderi,Qualifier
F,F-01,Final,Luciano Darderi,Stefanos Tsitsipas
F,F-01,Final,Luciano Darderi,Tomas Machac
F,F-01,Final,Luciano Darderi,Ugo Humbert
F,F-01,Final,Luciano Darderi,Zizou Bergs
F,F-01,Final,Marin Cilic,Miomir Kecmanovic
F,F-01,Final,Marin Cilic,Marton Fucsovics
F,F-01,Final,Marin Cilic,Qualifier
F,F-01,Final,Marin Cilic,Sebastian Baez
F,F-01,Final,Marin Cilic,Stan Wawrinka
F,F-01,Final,Marin Cilic,Tallon Griekspoor
F,F-01,Final,Marin Cilic,Terence Atmane
F,F-01,Final,Marin Cilic,Tomas Martin Etcheverry
F,F-01,Final,Marin Cilic,Valentin Vacherot
F,F-01,Final,Matteo Berrettini,Miomir Kecmanovic
F,F-01,Final,Matteo Berrettini,Marton Fucsovics
F,F-01,Final,Matteo Berrettini,Qualifier
F,F-01,Final,Matteo Berrettini,Sebastian Baez
F,F-01,Final,Matteo Berrettini,Stan Wawrinka
F,F-01,Final,Matteo Berrettini,Tallon Griekspoor
F,F-01,Final,Matteo Berrettini,Terence Atmane
F,F-01,Final,Matteo Berrettini,Tomas Martin Etcheverry
F,F-01,Final,Matteo Berrettini,Valentin Vacherot
F,F-01,Final,Miomir Kecmanovic,Moise Kouame
F,F-01,Final,Miomir Kecmanovic,Nuno Borges
F,F-01,Final,Miomir Kecmanovic,Qualifier
F,F-01,Final,Miomir Kecmanovic,Stefanos Tsitsipas
F,F-01,Final,Miomir Kecmanovic,Tomas Machac
F,F-01,Final,Miomir Kecmanovic,Ugo Humbert
F,F-01,Final,Miomir Kecmanovic,Zizou Bergs
F,F-01,Final,Moise Kouame,Marton Fucsovics
F,F-01,Final,Moise Kouame,Qualifier
F,F-01,Final,Moise Kouame,Sebastian Baez
F,F-01,Final,Moise Kouame,Stan Wawrinka
F,F-01,Final,Moise Kouame,Tallon Griekspoor
F,F-01,Final,Moise Kouame,Terence Atmane
F,F-01,Final,Moise Kouame,Tomas Martin Etcheverry
F,F-01,Final,Moise Kouame,Valentin Vacherot
F,F-01,Final,Marton Fucsovics,Nuno Borges
F,F-01,Final,Marton Fucsovics,Qualifier
F,F-01,Final,Marton Fucsovics,Stefanos Tsitsipas
F,F-01,Final,Marton Fucsovics,Tomas Machac
F,F-01,Final,Marton Fucsovics,Ugo Humbert
F,F-01,Final,Marton Fucsovics,Zizou Bergs
F,F-01,Final,Nuno Borges,Qualifier
F,F-01,Final,Nuno Borges,Sebastian Baez
F,F-01,Final,Nuno Borges,Stan Wawrinka
F,F-01,Final,Nuno Borges,Tallon Griekspoor
F,F-01,Final,Nuno Borges,Terence Atmane
F,F-01,Final,Nuno Borges,Tomas Martin Etcheverry
F,F-01,Final,Nuno Borges,Valentin Vacherot
F,F-01,Final,Qualifier,Sebastian Baez
F,F-01,Final,Qualifier,Stan Wawrinka
F,F-01,Final,Qualifier,Stefanos Tsitsipas
F,F-01,Final,Qualifier,Tallon Griekspoor
F,F-01,Final,Qualifier,Terence Atmane
F,F-01,Final,Qualifier,Tomas Martin Etcheverry
F,F-01,Final,Qualifier,Tomas Machac
F,F-01,Final,Qualifier,Ugo Humbert
F,F-01,Final,Qualifier,Valentin Vacherot
F,F-01,Final,Qualifier,Zizou Bergs
F,F-01,Final,Sebastian Baez,Stefanos Tsitsipas
F,F-01,Final,Sebastian Baez,Tomas Machac
F,F-01,Final,Sebastian Baez,Ugo Humbert
F,F-01,Final,Sebastian Baez,Zizou Bergs
F,F-01,Final,Stan Wawrinka,Stefanos Tsitsipas
F,F-01,Final,Stan Wawrinka,Tomas Machac
F,F-01,Final,Stan Wawrinka,Ugo Humbert
F,F-01,Final,Stan Wawrinka,Zizou Bergs
F,F-01,Final,Stefanos Tsitsipas,Tallon Griekspoor
F,F-01,Final,Stefanos Tsitsipas,Terence Atmane
F,F-01,Final,Stefanos Tsitsipas,Tomas Martin Etcheverry
F,F-01,Final,Stefanos Tsitsipas,Valentin Vacherot
F,F-01,Final,Tallon Griekspoor,Tomas Machac
F,F-01,Final,Tallon Griekspoor,Ugo Humbert
F,F-01,Final,Tallon Griekspoor,Zizou Bergs
F,F-01,Final,Terence Atmane,Tomas Machac
F,F-01,Final,Terence Atmane,Ugo Humbert
F,F-01,Final,Terence Atmane,Zizou Bergs
F,F-01,Final,Tomas Martin Etcheverry,Tomas Machac
F,F-01,Final,Tomas Martin Etcheverry,Ugo Humbert
F,F-01,Final,Tomas Martin Etcheverry,Zizou Bergs
F,F-01,Final,Tomas Machac,Valentin Vacherot
F,F-01,Final,Ugo Humbert,Valentin Vacherot
F,F-01,Final,Valentin Vacherot,Zizou Bergs
