url,tipo,filtri,index,in_sitemap
/records,base,0,true,true
/records/wins,base,0,true,true
/records/played,base,0,true,true
/records/count,base,0,true,true
/records/titles,base,0,true,true
/records/entries,base,0,true,true
/records/percentage,base,0,true,true
/records/ages,base,0,true,true
/records/ages/oldest,base,0,true,true
/records/ages/youngest,base,0,true,true
/records/ages/oldest-winners,base,0,true,true
/records/ages/youngest-winners,base,0,true,true
/records/timespan,base,0,true,true
/records/timespan/entries,base,0,true,true
/records/timespan/titles,base,0,true,true
/records/timespan/rounds,base,0,true,true
/records/roundsonentries,base,0,true,true
/records/roundsonentries/titles,base,0,true,true
/records/roundsonentries/round,base,0,true,true
/records/same,base,0,true,true
/records/same/wins,base,0,true,true
/records/same/played,base,0,true,true
/records/same/entries,base,0,true,true
/records/same/titles,base,0,true,true
/records/same/round,base,0,true,true
/records/seasons,base,0,true,true
/records/seasons/wins,base,0,true,true
/records/seasons/played,base,0,true,true
/records/seasons/entries,base,0,true,true
/records/seasons/titles,base,0,true,true
/records/seasons/round,base,0,true,true
/records/seasons/percentage,base,0,true,true
/records/atage,base,0,true,true
/records/atage/wins,base,0,true,true
/records/atage/played,base,0,true,true
/records/atage/entries,base,0,true,true
/records/atage/titles,base,0,true,true
/records/atage/slams,base,0,true,true
/records/atage/round,base,0,true,true
/records/ageofnth,base,0,true,true
/records/ageofnth/wins,base,0,true,true
/records/ageofnth/played,base,0,true,true
/records/ageofnth/entries,base,0,true,true
/records/ageofnth/titles,base,0,true,true
/records/ageofnth/slams,base,0,true,true
/records/ageofnth/round,base,0,true,true
/records/neededto,base,0,true,true
/records/neededto/titles,base,0,true,true
/records/counterseasons,base,0,true,true
/records/counterseasons/round,base,0,true,true
/records/counterseasons/wins,base,0,true,true
/records/counterseasons/titles,base,0,true,true
/records/h2h,base,0,true,true
/records/h2h/count,base,0,true,true
/records/streak,base,0,true,true
/records/streak/wins,base,0,true,true
/records/streak/round,base,0,true,true
/records/wins?level=G,whitelist-1f,1,true,true
/records/wins?level=M,whitelist-1f,1,true,true
/records/wins?level=F,1-filtro,1,true,false
/records/wins?level=250,1-filtro,1,true,false
/records/wins?level=500,1-filtro,1,true,false
/records/wins?level=D,1-filtro,1,true,false
/records/played?level=G,whitelist-1f,1,true,true
/records/played?level=M,whitelist-1f,1,true,true
/records/played?level=F,whitelist-1f,1,true,true
/records/played?level=250,1-filtro,1,true,false
/records/played?level=500,1-filtro,1,true,false
/records/played?level=D,1-filtro,1,true,false
/records/count?level=G,1-filtro,1,true,false
/records/count?level=M,1-filtro,1,true,false
/records/count?level=F,1-filtro,1,true,false
/records/count?level=250,1-filtro,1,true,false
/records/count?level=500,1-filtro,1,true,false
/records/titles?level=G,whitelist-1f,1,true,true
/records/titles?level=M,whitelist-1f,1,true,true
/records/titles?level=F,whitelist-1f,1,true,true
/records/titles?level=250,1-filtro,1,true,false
/records/titles?level=500,1-filtro,1,true,false
/records/entries?level=G,whitelist-1f,1,true,true
/records/entries?level=M,whitelist-1f,1,true,true
/records/entries?level=F,1-filtro,1,true,false
/records/entries?level=250,1-filtro,1,true,false
/records/entries?level=500,1-filtro,1,true,false
/records/percentage?level=G,whitelist-1f,1,true,true
/records/percentage?level=M,whitelist-1f,1,true,true
/records/percentage?level=F,1-filtro,1,true,false
/records/percentage?level=250,1-filtro,1,true,false
/records/percentage?level=500,1-filtro,1,true,false
/records/percentage?level=D,1-filtro,1,true,false
/records/ages?level=G,1-filtro,1,true,false
/records/ages?level=M,1-filtro,1,true,false
/records/ages?level=F,1-filtro,1,true,false
/records/ages?level=250,1-filtro,1,true,false
/records/ages?level=500,1-filtro,1,true,false
/records/ages/oldest?level=G,1-filtro,1,true,false
/records/ages/oldest?level=M,1-filtro,1,true,false
/records/ages/oldest?level=F,1-filtro,1,true,false
/records/ages/oldest?level=250,1-filtro,1,true,false
/records/ages/oldest?level=500,1-filtro,1,true,false
/records/ages/oldest?level=D,1-filtro,1,true,false
/records/ages/youngest?level=G,1-filtro,1,true,false
/records/ages/youngest?level=M,1-filtro,1,true,false
/records/ages/youngest?level=F,1-filtro,1,true,false
/records/ages/youngest?level=250,1-filtro,1,true,false
/records/ages/youngest?level=500,1-filtro,1,true,false
/records/ages/youngest?level=D,1-filtro,1,true,false
/records/ages/oldest-winners?level=G,whitelist-1f,1,true,true
/records/ages/oldest-winners?level=M,1-filtro,1,true,false
/records/ages/oldest-winners?level=F,whitelist-1f,1,true,true
/records/ages/oldest-winners?level=250,1-filtro,1,true,false
/records/ages/oldest-winners?level=500,1-filtro,1,true,false
/records/ages/youngest-winners?level=G,whitelist-1f,1,true,true
/records/ages/youngest-winners?level=M,whitelist-1f,1,true,true
/records/ages/youngest-winners?level=F,1-filtro,1,true,false
/records/ages/youngest-winners?level=250,1-filtro,1,true,false
/records/ages/youngest-winners?level=500,1-filtro,1,true,false
/records/timespan/entries?level=G,1-filtro,1,true,false
/records/timespan/entries?level=M,1-filtro,1,true,false
/records/timespan/entries?level=F,1-filtro,1,true,false
/records/timespan/entries?level=250,1-filtro,1,true,false
/records/timespan/entries?level=500,1-filtro,1,true,false
/records/timespan/titles?level=G,whitelist-1f,1,true,true
/records/timespan/titles?level=M,1-filtro,1,true,false
/records/timespan/titles?level=F,1-filtro,1,true,false
/records/timespan/titles?level=250,1-filtro,1,true,false
/records/timespan/titles?level=500,1-filtro,1,true,false
/records/roundsonentries?level=G,1-filtro,1,true,false
/records/roundsonentries?level=M,1-filtro,1,true,false
/records/roundsonentries?level=F,1-filtro,1,true,false
/records/roundsonentries?level=250,1-filtro,1,true,false
/records/roundsonentries?level=500,1-filtro,1,true,false
/records/roundsonentries/titles?level=G,1-filtro,1,true,false
/records/roundsonentries/titles?level=M,1-filtro,1,true,false
/records/roundsonentries/titles?level=F,1-filtro,1,true,false
/records/roundsonentries/titles?level=250,1-filtro,1,true,false
/records/roundsonentries/titles?level=500,1-filtro,1,true,false
/records/roundsonentries/round?level=G,1-filtro,1,true,false
/records/roundsonentries/round?level=M,1-filtro,1,true,false
/records/roundsonentries/round?level=F,1-filtro,1,true,false
/records/roundsonentries/round?level=250,1-filtro,1,true,false
/records/roundsonentries/round?level=500,1-filtro,1,true,false
/records/same/wins?level=G,1-filtro,1,true,false
/records/same/wins?level=M,1-filtro,1,true,false
/records/same/wins?level=F,1-filtro,1,true,false
/records/same/wins?level=250,1-filtro,1,true,false
/records/same/wins?level=500,1-filtro,1,true,false
/records/same/played?level=G,1-filtro,1,true,false
/records/same/played?level=M,1-filtro,1,true,false
/records/same/played?level=F,1-filtro,1,true,false
/records/same/played?level=250,1-filtro,1,true,false
/records/same/played?level=500,1-filtro,1,true,false
/records/same/entries?level=G,1-filtro,1,true,false
/records/same/entries?level=M,1-filtro,1,true,false
/records/same/entries?level=F,1-filtro,1,true,false
/records/same/entries?level=250,1-filtro,1,true,false
/records/same/entries?level=500,1-filtro,1,true,false
/records/same/titles?level=G,1-filtro,1,true,false
/records/same/titles?level=M,1-filtro,1,true,false
/records/same/titles?level=F,1-filtro,1,true,false
/records/same/titles?level=250,1-filtro,1,true,false
/records/same/titles?level=500,1-filtro,1,true,false
/records/same/round?level=G,1-filtro,1,true,false
/records/same/round?level=M,1-filtro,1,true,false
/records/same/round?level=F,1-filtro,1,true,false
/records/same/round?level=250,1-filtro,1,true,false
/records/same/round?level=500,1-filtro,1,true,false
/records/seasons/wins?level=G,whitelist-1f,1,true,true
/records/seasons/wins?level=M,1-filtro,1,true,false
/records/seasons/wins?level=F,1-filtro,1,true,false
/records/seasons/wins?level=250,1-filtro,1,true,false
/records/seasons/wins?level=500,1-filtro,1,true,false
/records/seasons/played?level=G,1-filtro,1,true,false
/records/seasons/played?level=M,1-filtro,1,true,false
/records/seasons/played?level=F,1-filtro,1,true,false
/records/seasons/played?level=250,1-filtro,1,true,false
/records/seasons/played?level=500,1-filtro,1,true,false
/records/seasons/played?level=D,1-filtro,1,true,false
/records/seasons/entries?level=G,1-filtro,1,true,false
/records/seasons/entries?level=M,1-filtro,1,true,false
/records/seasons/entries?level=F,1-filtro,1,true,false
/records/seasons/entries?level=250,1-filtro,1,true,false
/records/seasons/entries?level=500,1-filtro,1,true,false
/records/seasons/titles?level=G,whitelist-1f,1,true,true
/records/seasons/titles?level=M,1-filtro,1,true,false
/records/seasons/titles?level=F,1-filtro,1,true,false
/records/seasons/titles?level=250,1-filtro,1,true,false
/records/seasons/titles?level=500,1-filtro,1,true,false
/records/seasons/percentage?level=G,1-filtro,1,true,false
/records/seasons/percentage?level=M,1-filtro,1,true,false
/records/seasons/percentage?level=F,1-filtro,1,true,false
/records/seasons/percentage?level=250,1-filtro,1,true,false
/records/seasons/percentage?level=500,1-filtro,1,true,false
/records/seasons/percentage?level=D,1-filtro,1,true,false
/records/atage/wins?level=G,1-filtro,1,true,false
/records/atage/wins?level=M,1-filtro,1,true,false
/records/atage/wins?level=F,1-filtro,1,true,false
/records/atage/wins?level=250,1-filtro,1,true,false
/records/atage/wins?level=500,1-filtro,1,true,false
/records/atage/wins?level=D,1-filtro,1,true,false
/records/atage/played?level=G,1-filtro,1,true,false
/records/atage/played?level=M,1-filtro,1,true,false
/records/atage/played?level=F,1-filtro,1,true,false
/records/atage/played?level=250,1-filtro,1,true,false
/records/atage/played?level=500,1-filtro,1,true,false
/records/atage/played?level=D,1-filtro,1,true,false
/records/atage/entries?level=G,1-filtro,1,true,false
/records/atage/entries?level=M,1-filtro,1,true,false
/records/atage/entries?level=F,1-filtro,1,true,false
/records/atage/entries?level=250,1-filtro,1,true,false
/records/atage/entries?level=500,1-filtro,1,true,false
/records/atage/titles?level=G,1-filtro,1,true,false
/records/atage/titles?level=M,1-filtro,1,true,false
/records/atage/titles?level=F,1-filtro,1,true,false
/records/atage/titles?level=250,1-filtro,1,true,false
/records/atage/titles?level=500,1-filtro,1,true,false
/records/ageofnth/wins?level=G,1-filtro,1,true,false
/records/ageofnth/wins?level=M,1-filtro,1,true,false
/records/ageofnth/wins?level=F,1-filtro,1,true,false
/records/ageofnth/wins?level=250,1-filtro,1,true,false
/records/ageofnth/wins?level=500,1-filtro,1,true,false
/records/ageofnth/wins?level=D,1-filtro,1,true,false
/records/ageofnth/played?level=G,1-filtro,1,true,false
/records/ageofnth/played?level=M,1-filtro,1,true,false
/records/ageofnth/played?level=F,1-filtro,1,true,false
/records/ageofnth/played?level=250,1-filtro,1,true,false
/records/ageofnth/played?level=500,1-filtro,1,true,false
/records/ageofnth/played?level=D,1-filtro,1,true,false
/records/ageofnth/entries?level=G,1-filtro,1,true,false
/records/ageofnth/entries?level=M,1-filtro,1,true,false
/records/ageofnth/entries?level=F,1-filtro,1,true,false
/records/ageofnth/entries?level=250,1-filtro,1,true,false
/records/ageofnth/entries?level=500,1-filtro,1,true,false
/records/ageofnth/titles?level=G,1-filtro,1,true,false
/records/ageofnth/titles?level=M,1-filtro,1,true,false
/records/ageofnth/titles?level=F,1-filtro,1,true,false
/records/ageofnth/titles?level=250,1-filtro,1,true,false
/records/ageofnth/titles?level=500,1-filtro,1,true,false
/records/neededto/titles?level=G,1-filtro,1,true,false
/records/neededto/titles?level=M,1-filtro,1,true,false
/records/neededto/titles?level=F,1-filtro,1,true,false
/records/neededto/titles?level=250,1-filtro,1,true,false
/records/neededto/titles?level=500,1-filtro,1,true,false
/records/counterseasons/wins?level=G,1-filtro,1,true,false
/records/counterseasons/wins?level=M,1-filtro,1,true,false
/records/counterseasons/wins?level=F,1-filtro,1,true,false
/records/counterseasons/wins?level=250,1-filtro,1,true,false
/records/counterseasons/wins?level=500,1-filtro,1,true,false
/records/counterseasons/wins?level=D,1-filtro,1,true,false
/records/counterseasons/titles?level=G,1-filtro,1,true,false
/records/counterseasons/titles?level=M,1-filtro,1,true,false
/records/counterseasons/titles?level=250,1-filtro,1,true,false
/records/counterseasons/titles?level=500,1-filtro,1,true,false
/records/h2h/count?level=G,1-filtro,1,true,false
/records/h2h/count?level=M,1-filtro,1,true,false
/records/h2h/count?level=F,1-filtro,1,true,false
/records/h2h/count?level=250,1-filtro,1,true,false
/records/h2h/count?level=500,1-filtro,1,true,false
/records/h2h/count?level=D,1-filtro,1,true,false
/records/streak/wins?level=G,whitelist-1f,1,true,true
/records/streak/wins?level=M,whitelist-1f,1,true,true
/records/streak/wins?level=F,1-filtro,1,true,false
/records/streak/wins?level=250,1-filtro,1,true,false
/records/streak/wins?level=500,1-filtro,1,true,false
/records/streak/wins?level=D,1-filtro,1,true,false
/records/wins?surface=Hard,whitelist-1f,1,true,true
/records/wins?surface=Clay,whitelist-1f,1,true,true
/records/wins?surface=Grass,whitelist-1f,1,true,true
/records/wins?surface=Carpet,1-filtro,1,true,false
/records/played?surface=Hard,1-filtro,1,true,false
/records/played?surface=Clay,1-filtro,1,true,false
/records/played?surface=Grass,1-filtro,1,true,false
/records/played?surface=Carpet,1-filtro,1,true,false
/records/titles?surface=Hard,whitelist-1f,1,true,true
/records/titles?surface=Clay,whitelist-1f,1,true,true
/records/titles?surface=Grass,whitelist-1f,1,true,true
/records/titles?surface=Carpet,1-filtro,1,true,false
/records/entries?surface=Hard,1-filtro,1,true,false
/records/entries?surface=Clay,1-filtro,1,true,false
/records/entries?surface=Grass,1-filtro,1,true,false
/records/entries?surface=Carpet,1-filtro,1,true,false
/records/percentage?surface=Hard,whitelist-1f,1,true,true
/records/percentage?surface=Clay,whitelist-1f,1,true,true
/records/percentage?surface=Grass,whitelist-1f,1,true,true
/records/percentage?surface=Carpet,1-filtro,1,true,false
/records/ages/oldest?surface=Hard,1-filtro,1,true,false
/records/ages/oldest?surface=Clay,1-filtro,1,true,false
/records/ages/oldest?surface=Grass,1-filtro,1,true,false
/records/ages/oldest?surface=Carpet,1-filtro,1,true,false
/records/ages/youngest?surface=Hard,1-filtro,1,true,false
/records/ages/youngest?surface=Clay,1-filtro,1,true,false
/records/ages/youngest?surface=Grass,1-filtro,1,true,false
/records/ages/youngest?surface=Carpet,1-filtro,1,true,false
/records/ages/oldest-winners?surface=Hard,1-filtro,1,true,false
/records/ages/oldest-winners?surface=Clay,1-filtro,1,true,false
/records/ages/oldest-winners?surface=Grass,1-filtro,1,true,false
/records/ages/oldest-winners?surface=Carpet,1-filtro,1,true,false
/records/ages/youngest-winners?surface=Hard,1-filtro,1,true,false
/records/ages/youngest-winners?surface=Clay,whitelist-1f,1,true,true
/records/ages/youngest-winners?surface=Grass,whitelist-1f,1,true,true
/records/ages/youngest-winners?surface=Carpet,1-filtro,1,true,false
/records/timespan/entries?surface=Hard,1-filtro,1,true,false
/records/timespan/entries?surface=Clay,1-filtro,1,true,false
/records/timespan/entries?surface=Grass,1-filtro,1,true,false
/records/timespan/entries?surface=Carpet,1-filtro,1,true,false
/records/timespan/titles?surface=Hard,1-filtro,1,true,false
/records/timespan/titles?surface=Clay,1-filtro,1,true,false
/records/timespan/titles?surface=Grass,1-filtro,1,true,false
/records/timespan/titles?surface=Carpet,1-filtro,1,true,false
/records/roundsonentries/titles?surface=Hard,1-filtro,1,true,false
/records/roundsonentries/titles?surface=Clay,1-filtro,1,true,false
/records/roundsonentries/titles?surface=Grass,1-filtro,1,true,false
/records/roundsonentries/titles?surface=Carpet,1-filtro,1,true,false
/records/same/wins?surface=Hard,1-filtro,1,true,false
/records/same/wins?surface=Clay,1-filtro,1,true,false
/records/same/wins?surface=Grass,1-filtro,1,true,false
/records/same/wins?surface=Carpet,1-filtro,1,true,false
/records/same/played?surface=Hard,1-filtro,1,true,false
/records/same/played?surface=Clay,1-filtro,1,true,false
/records/same/played?surface=Grass,1-filtro,1,true,false
/records/same/played?surface=Carpet,1-filtro,1,true,false
/records/same/entries?surface=Hard,1-filtro,1,true,false
/records/same/entries?surface=Clay,1-filtro,1,true,false
/records/same/entries?surface=Grass,1-filtro,1,true,false
/records/same/entries?surface=Carpet,1-filtro,1,true,false
/records/same/titles?surface=Hard,1-filtro,1,true,false
/records/same/titles?surface=Clay,1-filtro,1,true,false
/records/same/titles?surface=Grass,1-filtro,1,true,false
/records/same/titles?surface=Carpet,1-filtro,1,true,false
/records/seasons?surface=Hard,1-filtro,1,true,false
/records/seasons?surface=Clay,1-filtro,1,true,false
/records/seasons?surface=Grass,1-filtro,1,true,false
/records/seasons?surface=Carpet,1-filtro,1,true,false
/records/seasons/wins?surface=Hard,1-filtro,1,true,false
/records/seasons/wins?surface=Clay,1-filtro,1,true,false
/records/seasons/wins?surface=Grass,1-filtro,1,true,false
/records/seasons/wins?surface=Carpet,1-filtro,1,true,false
/records/seasons/played?surface=Hard,1-filtro,1,true,false
/records/seasons/played?surface=Clay,1-filtro,1,true,false
/records/seasons/played?surface=Grass,1-filtro,1,true,false
/records/seasons/played?surface=Carpet,1-filtro,1,true,false
/records/seasons/entries?surface=Hard,1-filtro,1,true,false
/records/seasons/entries?surface=Clay,1-filtro,1,true,false
/records/seasons/entries?surface=Grass,1-filtro,1,true,false
/records/seasons/entries?surface=Carpet,1-filtro,1,true,false
/records/seasons/titles?surface=Hard,1-filtro,1,true,false
/records/seasons/titles?surface=Clay,1-filtro,1,true,false
/records/seasons/titles?surface=Grass,1-filtro,1,true,false
/records/seasons/titles?surface=Carpet,1-filtro,1,true,false
/records/seasons/percentage?surface=Hard,1-filtro,1,true,false
/records/seasons/percentage?surface=Clay,1-filtro,1,true,false
/records/seasons/percentage?surface=Grass,1-filtro,1,true,false
/records/seasons/percentage?surface=Carpet,1-filtro,1,true,false
/records/atage/wins?surface=Hard,1-filtro,1,true,false
/records/atage/wins?surface=Clay,1-filtro,1,true,false
/records/atage/wins?surface=Grass,1-filtro,1,true,false
/records/atage/wins?surface=Carpet,1-filtro,1,true,false
/records/atage/played?surface=Hard,1-filtro,1,true,false
/records/atage/played?surface=Clay,1-filtro,1,true,false
/records/atage/played?surface=Grass,1-filtro,1,true,false
/records/atage/played?surface=Carpet,1-filtro,1,true,false
/records/atage/entries?surface=Hard,1-filtro,1,true,false
/records/atage/entries?surface=Clay,1-filtro,1,true,false
/records/atage/entries?surface=Grass,1-filtro,1,true,false
/records/atage/entries?surface=Carpet,1-filtro,1,true,false
/records/atage/titles?surface=Hard,1-filtro,1,true,false
/records/atage/titles?surface=Clay,1-filtro,1,true,false
/records/atage/titles?surface=Grass,1-filtro,1,true,false
/records/atage/titles?surface=Carpet,1-filtro,1,true,false
/records/ageofnth/wins?surface=Hard,1-filtro,1,true,false
/records/ageofnth/wins?surface=Clay,1-filtro,1,true,false
/records/ageofnth/wins?surface=Grass,1-filtro,1,true,false
/records/ageofnth/wins?surface=Carpet,1-filtro,1,true,false
/records/ageofnth/played?surface=Hard,1-filtro,1,true,false
/records/ageofnth/played?surface=Clay,1-filtro,1,true,false
/records/ageofnth/played?surface=Grass,1-filtro,1,true,false
/records/ageofnth/played?surface=Carpet,1-filtro,1,true,false
/records/ageofnth/entries?surface=Hard,1-filtro,1,true,false
/records/ageofnth/entries?surface=Clay,1-filtro,1,true,false
/records/ageofnth/entries?surface=Grass,1-filtro,1,true,false
/records/ageofnth/entries?surface=Carpet,1-filtro,1,true,false
/records/ageofnth/titles?surface=Hard,1-filtro,1,true,false
/records/ageofnth/titles?surface=Clay,1-filtro,1,true,false
/records/ageofnth/titles?surface=Grass,1-filtro,1,true,false
/records/ageofnth/titles?surface=Carpet,1-filtro,1,true,false
/records/neededto/titles?surface=Hard,1-filtro,1,true,false
/records/neededto/titles?surface=Clay,1-filtro,1,true,false
/records/neededto/titles?surface=Grass,1-filtro,1,true,false
/records/neededto/titles?surface=Carpet,1-filtro,1,true,false
/records/counterseasons/wins?surface=Hard,1-filtro,1,true,false
/records/counterseasons/wins?surface=Clay,1-filtro,1,true,false
/records/counterseasons/wins?surface=Grass,1-filtro,1,true,false
/records/counterseasons/wins?surface=Carpet,1-filtro,1,true,false
/records/counterseasons/titles?surface=Hard,1-filtro,1,true,false
/records/counterseasons/titles?surface=Clay,1-filtro,1,true,false
/records/counterseasons/titles?surface=Grass,1-filtro,1,true,false
/records/counterseasons/titles?surface=Carpet,1-filtro,1,true,false
/records/streak/wins?surface=Hard,whitelist-1f,1,true,true
/records/streak/wins?surface=Clay,whitelist-1f,1,true,true
/records/streak/wins?surface=Grass,whitelist-1f,1,true,true
/records/streak/wins?surface=Carpet,1-filtro,1,true,false
/records/wins?round=QF,whitelist-1f,1,true,true
/records/wins?round=SF,whitelist-1f,1,true,true
/records/wins?round=F,1-filtro,1,true,false
/records/played?round=QF,1-filtro,1,true,false
/records/played?round=SF,1-filtro,1,true,false
/records/played?round=F,whitelist-1f,1,true,true
/records/count?round=QF,1-filtro,1,true,false
/records/count?round=SF,1-filtro,1,true,false
/records/count?round=F,1-filtro,1,true,false
/records/percentage?round=QF,1-filtro,1,true,false
/records/percentage?round=SF,1-filtro,1,true,false
/records/percentage?round=F,1-filtro,1,true,false
/records/ages/oldest?round=QF,1-filtro,1,true,false
/records/ages/oldest?round=SF,1-filtro,1,true,false
/records/ages/oldest?round=F,1-filtro,1,true,false
/records/ages/youngest?round=QF,1-filtro,1,true,false
/records/ages/youngest?round=SF,1-filtro,1,true,false
/records/ages/youngest?round=F,1-filtro,1,true,false
/records/timespan?round=QF,1-filtro,1,true,false
/records/timespan?round=SF,1-filtro,1,true,false
/records/timespan?round=F,1-filtro,1,true,false
/records/timespan/rounds?round=QF,1-filtro,1,true,false
/records/timespan/rounds?round=SF,1-filtro,1,true,false
/records/timespan/rounds?round=F,1-filtro,1,true,false
/records/roundsonentries/round?round=QF,1-filtro,1,true,false
/records/roundsonentries/round?round=SF,1-filtro,1,true,false
/records/roundsonentries/round?round=F,1-filtro,1,true,false
/records/same/round?round=QF,1-filtro,1,true,false
/records/same/round?round=SF,1-filtro,1,true,false
/records/same/round?round=F,1-filtro,1,true,false
/records/seasons/round?round=QF,1-filtro,1,true,false
/records/seasons/round?round=SF,1-filtro,1,true,false
/records/seasons/round?round=F,1-filtro,1,true,false
/records/seasons/percentage?round=QF,1-filtro,1,true,false
/records/seasons/percentage?round=SF,1-filtro,1,true,false
/records/seasons/percentage?round=F,1-filtro,1,true,false
/records/counterseasons/round?round=QF,1-filtro,1,true,false
/records/counterseasons/round?round=SF,1-filtro,1,true,false
/records/counterseasons/round?round=F,1-filtro,1,true,false
/records/counterseasons/wins?round=QF,1-filtro,1,true,false
/records/counterseasons/wins?round=SF,1-filtro,1,true,false
/records/counterseasons/wins?round=F,1-filtro,1,true,false
/records/h2h/count?round=QF,1-filtro,1,true,false
/records/h2h/count?round=SF,1-filtro,1,true,false
/records/h2h/count?round=F,1-filtro,1,true,false
/records/streak/wins?round=QF,1-filtro,1,true,false
/records/streak/wins?round=SF,1-filtro,1,true,false
/records/streak/wins?round=F,1-filtro,1,true,false
/records/streak/round?round=QF,1-filtro,1,true,false
/records/streak/round?round=SF,1-filtro,1,true,false
/records/streak/round?round=F,1-filtro,1,true,false
/records/wins?bestOf=3,1-filtro,1,true,false
/records/wins?bestOf=5,1-filtro,1,true,false
/records/played?bestOf=3,1-filtro,1,true,false
/records/played?bestOf=5,1-filtro,1,true,false
/records/same/wins?bestOf=3,1-filtro,1,true,false
/records/same/wins?bestOf=5,1-filtro,1,true,false
/records/same/played?bestOf=3,1-filtro,1,true,false
/records/same/played?bestOf=5,1-filtro,1,true,false
/records/seasons/wins?bestOf=3,1-filtro,1,true,false
/records/seasons/wins?bestOf=5,1-filtro,1,true,false
/records/seasons/played?bestOf=3,1-filtro,1,true,false
/records/seasons/played?bestOf=5,1-filtro,1,true,false
/records/seasons/entries?bestOf=3,1-filtro,1,true,false
/records/seasons/entries?bestOf=5,1-filtro,1,true,false
/records/seasons/percentage?bestOf=3,1-filtro,1,true,false
/records/seasons/percentage?bestOf=5,1-filtro,1,true,false
/records/atage/wins?bestOf=3,1-filtro,1,true,false
/records/atage/wins?bestOf=5,1-filtro,1,true,false
/records/atage/played?bestOf=3,1-filtro,1,true,false
/records/atage/played?bestOf=5,1-filtro,1,true,false
/records/ageofnth/wins?bestOf=3,1-filtro,1,true,false
/records/ageofnth/wins?bestOf=5,1-filtro,1,true,false
/records/ageofnth/played?bestOf=3,1-filtro,1,true,false
/records/ageofnth/played?bestOf=5,1-filtro,1,true,false
/records/counterseasons/wins?bestOf=3,1-filtro,1,true,false
/records/counterseasons/wins?bestOf=5,1-filtro,1,true,false
/records/h2h/count?bestOf=3,1-filtro,1,true,false
/records/h2h/count?bestOf=5,1-filtro,1,true,false
/records/streak/wins?bestOf=3,1-filtro,1,true,false
/records/streak/wins?bestOf=5,1-filtro,1,true,false
/records/count?level=M&round=QF,whitelist-2f,2,true,true
/records/wins?level=M&round=QF,whitelist-2f,2,true,true
/records/wins?level=G&round=F,whitelist-2f,2,true,true
/records/wins?level=G&round=SF,whitelist-2f,2,true,true
/records/count?level=G&round=QF,whitelist-2f,2,true,true
/records/wins?level=G&round=QF,whitelist-2f,2,true,true
/records/wins?level=M&round=F,whitelist-2f,2,true,true
/records/count?level=G&round=SF,whitelist-2f,2,true,true
/records/count?level=G&round=F,whitelist-2f,2,true,true
/records/titles?level=G&surface=Clay,whitelist-2f,2,true,true
/records/titles?level=G&surface=Grass,whitelist-2f,2,true,true
/records/titles?level=G&surface=Hard,whitelist-2f,2,true,true
/records/wins?level=G&surface=Clay,whitelist-2f,2,true,true
/records/wins?level=G&surface=Grass,whitelist-2f,2,true,true
/records/wins?level=G&surface=Hard,whitelist-2f,2,true,true
/records/percentage?level=G&surface=Clay,whitelist-2f,2,true,true
/records/percentage?level=G&surface=Grass,whitelist-2f,2,true,true
/records/count?level=M&round=F,whitelist-2f,2,true,true

https://stats.tennismylife.org/records/wins?level=G&surface=Hard
https://stats.tennismylife.org/records/wins?level=G&surface=Clay
https://stats.tennismylife.org/records/wins?level=G&surface=Grass
https://stats.tennismylife.org/records/wins?level=M&surface=Hard
https://stats.tennismylife.org/records/wins?level=M&surface=Clay
https://stats.tennismylife.org/records/wins?bestOf=3&level=M&surface=Clay
https://stats.tennismylife.org/records/wins?bestOf=3&level=M&surface=Hard
https://stats.tennismylife.org/records/wins?bestOf=3&level=M&surface=Carpet

https://stats.tennismylife.org/records/played?level=G&surface=Hard
https://stats.tennismylife.org/records/played?level=G&surface=Clay
https://stats.tennismylife.org/records/played?level=G&surface=Grass
https://stats.tennismylife.org/records/played?level=M&surface=Hard
https://stats.tennismylife.org/records/played?level=M&surface=Clay
https://stats.tennismylife.org/records/played?level=M&surface=Carpet
https://stats.tennismylife.org/records/played?bestOf=3&level=M&surface=Clay
https://stats.tennismylife.org/records/played?bestOf=3&level=M&surface=Hard
https://stats.tennismylife.org/records/played?bestOf=3&level=M&surface=Carpet

https://stats.tennismylife.org/records/titles?level=G&surface=Hard
https://stats.tennismylife.org/records/titles?level=G&surface=Clay
https://stats.tennismylife.org/records/titles?level=G&surface=Grass
https://stats.tennismylife.org/records/titles?level=M&surface=Hard
https://stats.tennismylife.org/records/titles?level=M&surface=Clay
https://stats.tennismylife.org/records/titles?level=M&surface=Carpet

https://stats.tennismylife.org/records/entries?level=G&surface=Hard
https://stats.tennismylife.org/records/entries?level=G&surface=Clay
https://stats.tennismylife.org/records/entries?level=G&surface=Grass
https://stats.tennismylife.org/records/entries?level=M&surface=Hard
https://stats.tennismylife.org/records/entries?level=M&surface=Carpet



